Title,ID
Privacy-preserving Neural Representations of Text,D18-1001
Adversarial Removal of Demographic Attributes from Text Data,D18-1002
DeClarE: Debunking Fake News and False Claims using Evidence-Aware Deep Learning,D18-1003
It's going to be okay: Measuring Access to Support in Online Communities,D18-1004
Detecting Gang-Involved Escalation on Social Media Using Context,D18-1005
Reasoning about Actions and State Changes by Injecting Commonsense Knowledge,D18-1006
Collecting Diverse Natural Language Inference Problems for Sentence Representation Evaluation,D18-1007
Textual Analogy Parsing: What's Shared and What's Compared among Analogous Facts,D18-1008
SWAG: A Large-Scale Adversarial Dataset for Grounded Commonsense Inference,D18-1009
TwoWingOS: A Two-Wing Optimization Strategy for Evidential Claim Verification,D18-1010
Associative Multichannel Autoencoder for Multimodal Word Representation,D18-1011
Game-Based Video-Context Dialogue,D18-1012
simNet: Stepwise Image-Topic Merging Network for Generating Detailed and Comprehensive Image Captions,D18-1013
Multimodal Language Analysis with Recurrent Multistage Fusion,D18-1014
Temporally Grounding Natural Sentence in Video,D18-1015
PreCo: A Large-scale Dataset in Preschool Vocabulary for Coreference Resolution,D18-1016
Adversarial Transfer Learning for Chinese Named Entity Recognition with Self-Attention Mechanism,D18-1017
Using Linguistic Features to Improve the Generalization Capability of Neural Coreference Resolvers,D18-1018
Neural Segmental Hypergraphs for Overlapping Mention Recognition,D18-1019
Variational Sequential Labelers for Semi-Supervised Learning,D18-1020
Joint Representation Learning of Cross-lingual Words and Entities via Attentive Distant Supervision,D18-1021
Deep Pivot-Based Modeling for Cross-language Cross-domain Transfer with Minimal Guidance,D18-1022
Multi-lingual Common Semantic Space Construction via Cluster-Consistent Word Embedding,D18-1023
Unsupervised Multilingual Word Embeddings,D18-1024
CLUSE: Cross-Lingual Unsupervised Sense Embeddings,D18-1025
Adversarial Propagation and Zero-Shot Cross-Lingual Transfer of Word Vector Specialization,D18-1026
Improving Cross-Lingual Word Embeddings by Meeting in the Middle,D18-1027
WikiAtomicEdits: A Multilingual Corpus of Wikipedia Edits for Modeling Language and Discourse,D18-1028
On the Relation between Linguistic Typology and (Limitations of) Multilingual Language Modeling,D18-1029
"A Fast, Compact, Accurate Model for Language Identification of Codemixed Text",D18-1030
Personalized Microblog Sentiment Classification via Adversarial Cross-lingual Multi-task Learning,D18-1031
Cross-lingual Knowledge Graph Alignment via Graph Convolutional Networks,D18-1032
Cross-lingual Lexical Sememe Prediction,D18-1033
Neural Cross-lingual Named Entity Recognition with Minimal Resources,D18-1034
A Stable and Effective Learning Strategy for Trainable Greedy Decoding,D18-1035
Addressing Troublesome Words in Neural Machine Translation,D18-1036
Top-down Tree Structured Decoding with Syntactic Connections for Neural Machine Translation and Parsing,D18-1037
XL-NBT: A Cross-lingual Neural Belief Tracking Framework,D18-1038
Contextual Parameter Generation for Universal Neural Machine Translation,D18-1039
Back-Translation Sampling by Targeting Difficult Words in Neural Machine Translation,D18-1040
Multi-Domain Neural Machine Translation with Word-Level Domain Context Discrimination,D18-1041
A Discriminative Latent-Variable Model for Bilingual Lexicon Induction,D18-1042
Non-Adversarial Unsupervised Word Translation,D18-1043
Semi-Autoregressive Neural Machine Translation,D18-1044
Understanding Back-Translation at Scale,D18-1045
Bootstrapping Transliteration with Constrained Discovery for Low-Resource Languages,D18-1046
NORMA: Neighborhood Sensitive Maps for Multilingual Word Embeddings,D18-1047
Adaptive Multi-pass Decoder for Neural Machine Translation,D18-1048
Improving the Transformer Translation Model with Document-Level Context,D18-1049
MTNT: A Testbed for Machine Translation of Noisy Text,D18-1050
SimpleQuestions Nearly Solved: A New Upperbound and Baseline Approach,D18-1051
Phrase-Indexed Question Answering: A New Challenge for Scalable Document Comprehension,D18-1052
Ranking Paragraphs for Improving Answer Recall in Open-Domain Question Answering,D18-1053
Cut to the Chase: A Context Zoom-in Network for Reading Comprehension,D18-1054
Adaptive Document Retrieval for Deep Question Answering,D18-1055
Why is unsupervised alignment of English embeddings from different algorithms so hard?,D18-1056
Quantifying Context Overlap for Training Word Embeddings,D18-1057
Neural Latent Relational Analysis to Capture Lexical Semantic Relations in a Vector Space,D18-1058
Generalizing Word Embeddings using Bag of Subwords,D18-1059
Neural Metaphor Detection in Context,D18-1060
Distant Supervision from Disparate Sources for Low-Resource Part-of-Speech Tagging,D18-1061
Unsupervised Bilingual Lexicon Induction via Latent Variable Models,D18-1062
Learning Unsupervised Word Translations Without Adversaries,D18-1063
Adversarial Training for Multi-task and Multi-lingual Joint Modeling of Utterance Intent Classification,D18-1064
Surprisingly Easy Hard-Attention for Sequence to Sequence Learning,D18-1065
Joint Learning for Emotion Classification and Emotion Cause Detection,D18-1066
Exploring Optimism and Pessimism in Twitter Using Deep Learning,D18-1067
Predicting News Headline Popularity with Syntactic and Semantic Knowledge Using Multi-Task Learning,D18-1068
Hybrid Neural Attention for Agreement/Disagreement Inference in Online Debates,D18-1069
Increasing In-Class Similarity by Retrofitting Embeddings with Demographic Information,D18-1070
A Syntactically Constrained Bidirectional-Asynchronous Approach for Emotional Conversation Generation,D18-1071
Auto-Dialabel: Labeling Dialogue Data with Unsupervised Learning,D18-1072
Extending Neural Generative Conversational Model using External Knowledge Sources,D18-1073
Modeling Temporality of Human Intentions by Domain Adaptation,D18-1074
An Auto-Encoder Matching Model for Learning Utterance-Level Semantic Dependency in Dialogue Generation,D18-1075
A Dataset for Document Grounded Conversations,D18-1076
Out-of-domain Detection based on Generative Adversarial Network,D18-1077
Listening Comprehension over Argumentative Content,D18-1078
Using Active Learning to Expand Training Data for Implicit Discourse Relation Recognition,D18-1079
Learning To Split and Rephrase From Wikipedia Edit History,D18-1080
BLEU is Not Suitable for the Evaluation of Text Simplification,D18-1081
S2SPMN: A Simple and Effective Framework for Response Generation with Relevant Information,D18-1082
Improving Reinforcement Learning Based Image Captioning with Natural Language Prior,D18-1083
Training for Diversity in Image Paragraph Captioning,D18-1084
A Graph-Theoretic Summary Evaluation for Rouge,D18-1085
Guided Neural Language Generation for Abstractive Summarization using Abstract Meaning Representation,D18-1086
Evaluating Multiple System Summary Lengths: A Case Study,D18-1087
Neural Latent Extractive Document Summarization,D18-1088
On the Abstractiveness of Neural Document Summarization,D18-1089
Automatic Essay Scoring Incorporating Rating Schema via Reinforcement Learning,D18-1090
Identifying Well-formed Natural Language Questions,D18-1091
Self-Governing Neural Networks for On-Device Short Text Classification,D18-1092
HFT-CNN: Learning Hierarchical Category Structure for Multi-label Short Text Categorization,D18-1093
"A Hierarchical Neural Attention-based Text Classifier",D18-1094
"Labeled Anchors and a Scalable, Transparent, and Interactive Classifier",D18-1095
Coherence-Aware Neural Topic Modeling,D18-1096
Utilizing Character and Word Embeddings for Text Normalization with Sequence-to-Sequence Models,D18-1097
Topic Intrusion for Automatic Topic Model Evaluation,D18-1098
"Supervised and Unsupervised Methods for Robust Separation of Section Titles and Prose Text in Web Documents",D18-1099
SwitchOut: an Efficient Data Augmentation Algorithm for Neural Machine Translation,D18-1100
Improving Unsupervised Word-by-Word Translation with Language Model and Denoising Autoencoder,D18-1101
Decipherment of Substitution Ciphers with Neural Language Models,D18-1102
Rapid Adaptation of Neural Machine Translation to New Languages,D18-1103
Compact Personalized Models for Neural Machine Translation,D18-1104
Self-Governing Neural Networks for On-Device Short Text Classification,D18-1105
Supervised Domain Enablement Attention for Personalized Domain Classification,D18-1106
A Deep Neural Network Sentence Level Classification Method with Context Information,D18-1107
Towards Dynamic Computation Graphs via Sparse Latent Structure,D18-1108
Convolutional Neural Networks with Recurrent Neural Filters,D18-1109
Exploiting Rich Syntactic Information for Semantic Parsing with Graph-to-Sequence Model,D18-1110
Retrieval-Based Neural Code Generation,D18-1111
SQL-to-Text Generation with Graph-to-Sequence Model,D18-1112
Generating Syntactic Paraphrases,D18-1113
Neural-Davidsonian Semantic Proto-role Labeling,D18-1114
Conversational Decision-Making Model for Predicting the King’s Decision in the Annals of the Joseon Dynasty,D18-1115
Toward Fast and Accurate Neural Discourse Segmentation,D18-1116
A Dataset for Telling the Stories of Social Media Videos,D18-1117
Cascaded Mutual Modulation for Visual Reasoning,D18-1118
How agents see things: On visual representations in an emergent language game,D18-1119
Attention-Based Capsule Networks with Dynamic Routing for Relation Extraction,D18-1120
Put It Back: Entity Typing with Language Model Enhancement,D18-1121
Event Detection with Neural Networks: A Rigorous Empirical Evaluation,D18-1122
PubSE: A Hierarchical Model for Publication Extraction from Academic Homepages,D18-1123
A Neural Transition-based Model for Nested Mention Recognition,D18-1124
Genre Separation Network with Adversarial Training for Cross-genre Relation Extraction,D18-1125
Effective Use of Context in Noisy Entity Linking,D18-1126
Exploiting Contextual Information via Dynamic Memory Network for Event Detection,D18-1127
Do explanations make VQA models more predictable to a human?,D18-1128
Facts That Matter,D18-1129
Entity Tracking Improves Cloze-style Reading Comprehension,D18-1130
Adversarial Domain Adaptation for Duplicate Question Detection,D18-1131
Translating a Math Word Problem to a Expression Tree,D18-1132
Semantic Linking in Convolutional Neural Networks for Answer Sentence Selection,D18-1133
A dataset and baselines for sequential open-domain question answering,D18-1134
Improving the results of string kernels in sentiment analysis and Arabic dialect identification by adapting them to your test set,D18-1135
Parameterized Convolutional Neural Networks for Aspect Level Sentiment Classification,D18-1136
Improving Multi-label Emotion Classification via Sentiment Classification with Dual Attention Transfer Network,D18-1137
Learning Sentiment Memories for Sentiment Modification without Parallel Data,D18-1138
Joint Aspect and Polarity Classification for Aspect-based Sentiment Analysis with End-to-End Neural Networks,D18-1139
Representing Social Media Users for Sarcasm Detection,D18-1140
Syntactical Analysis of the Weaknesses of Sentiment Analyzers,D18-1141
Is Nike female? Exploring the role of sound symbolism in predicting brand name gender,D18-1142
Improving Large-Scale Fact-Checking using Decomposable Attention Models and Lexical Tagging,D18-1143
Harnessing Popularity in Social Media for Extractive Summarization of Online Conversations,D18-1144
Identifying Locus of Control in Social Media Language,D18-1145
Somm: Into the Model,D18-1146
Fine-Grained Emotion Detection in Health-Related Online Posts,D18-1147
The Remarkable Benefit of User-Level Aggregation for Lexical-based Population-Level Predictions,D18-1148
Deterministic Non-Autoregressive Neural Sequence Modeling by Iterative Refinement,D18-1149
Large Margin Neural Language Model,D18-1150
Targeted Syntactic Evaluation of Language Models,D18-1151
Rational Recurrences,D18-1152
Efficient Contextualized Representation: Language Model Pruning for Sequence Labeling,D18-1153
Automatic Event Salience Identification,D18-1154
Temporal Information Extraction by Predicting Relative Time-lines,D18-1155
Jointly Multiple Events Extraction via Attention-based Graph Information Aggregation,D18-1156
RESIDE: Improving Distantly-Supervised Neural Relation Extraction using Side Information,D18-1157
Collective Event Detection via a Hierarchical and Bias Tagging Networks with Gated Multi-level Attention Mechanisms,D18-1158
Valency-Augmented Dependency Parsing,D18-1159
Unsupervised Learning of Syntactic Structure with Invertible Neural Projections,D18-1160
Dynamic Oracles for Top-Down and In-Order Shift-Reduce Constituent Parsing,D18-1161
Constituent Parsing as Sequence Labeling,D18-1162
Synthetic Data Made to Order: The Case of Parsing,D18-1163
Tell-and-Answer: Towards Explainable Visual Question Answering using Attributes and Captions,D18-1164
Learning a Policy for Opportunistic Active Learning,D18-1165
RecipeQA: A Challenge Dataset for Multimodal Comprehension of Cooking Recipes,D18-1166
"TVQA: Localized, Compositional Video Question Answering",D18-1167
Localizing Moments in Video with Temporal Language,D18-1168
Card-660: Cambridge Rare Word Dataset - a Reliable Benchmark for Infrequent Word Representation Models,D18-1169
Leveraging Gloss Knowledge in Neural Word Sense Disambiguation by Hierarchical Co-Attention,D18-1170
Weeding out Conventionalized Metaphors: A Corpus of Novel Metaphor Annotations,D18-1171
Streaming word similarity mining on the cheap,D18-1172
"Memory, Show the Way: Memory Based Few Shot Word Representation Learning",D18-1173
Disambiguated skip-gram model,D18-1174
Picking Apart Story Salads,D18-1175
Dynamic Meta-Embeddings for Improved Sentence Representations,D18-1176
A Probabilistic Model for Joint Learning of Word Embeddings from Texts and Images,D18-1177
Transfer and Multi-Task Learning for Noun–Noun Compound Interpretation,D18-1178
Dissecting Contextual Word Embeddings: Architecture and Representation,D18-1179
Preposition Sense Disambiguation and Representation,D18-1180
Auto-Encoding Dictionary Definitions into Consistent Word Embeddings,D18-1181
Spot the Odd Man Out: Exploring the Associative Power of Lexical Resources,D18-1182
Neural Multitask Learning for Simile Recognition,D18-1183
Structured Alignment Networks for Matching Sentences,D18-1184
"Compare, Compress and Propagate: Enhancing Neural Architectures with Alignment Factorization for Natural Language Inference",D18-1185
Convolutional Interaction Network for Natural Language Inference,D18-1186
Lessons from Natural Language Inference in the Clinical Domain,D18-1187
Question Generation from SQL Queries Improves Neural Semantic Parsing,D18-1188
SemRegex: A Semantics-Based Approach for Generating Regular Expressions from Natural Language Specifications,D18-1189
Decoupling Structure and Lexicon for Zero-Shot Semantic Parsing,D18-1190
A Span Selection Model for Semantic Role Labeling,D18-1191
Mapping Language to Code in Programmatic Context,D18-1192
SyntaxSQLNet: Syntax Tree Networks for Complex and Cross-Domain Text-to-SQL Task,D18-1193
Cross-lingual Decompositional Semantic Parsing,D18-1194
Learning to Learn Semantic Parsers from Natural Language Supervision,D18-1195
DeepCx: A transition-based approach for shallow semantic parsing with complex constructional triggers,D18-1196
"What It Takes to Achieve 100% Condition Accuracy on WikiSQL",D18-1197
Better Transition-Based AMR Parsing with a Refined Search Space,D18-1198
Heuristically Informed Unsupervised Idiom Usage Recognition,D18-1199
Coming to Your Senses: on Controls and Evaluation Sets in Polysemy Research,D18-1200
Predicting Semantic Relations using Global Graph Properties,D18-1201
Learning Scalar Adjective Intensity from Paraphrases,D18-1202
Pointwise HSIC: A Linear-Time Kernelized Co-occurrence Norm for Sparse Linguistic Expressions,D18-1203
Neural Related Work Summarization with a Joint Context-driven Attention Mechanism,D18-1204
Improving Neural Abstractive Document Summarization with Explicit Information Selection Modeling,D18-1205
"Don't Give Me the Details, Just the Summary! Topic-Aware Convolutional Neural Networks for Extreme Summarization",D18-1206
Improving Abstraction in Text Summarization,D18-1207
Content Selection in Deep Learning Models of Summarization,D18-1208
Improved Semantic-Aware Network Embedding with Fine-Grained Word Alignment,D18-1209
Learning Context-Sensitive Convolutional Filters for Text Processing,D18-1210
Deep Relevance Ranking using Enhanced Document-Query Interactions,D18-1211
Learning Neural Representation for CLIR with Adversarial Framework,D18-1212
AD3: Attentive Deep Document Dater,D18-1213
Gromov-Wasserstein Alignment of Word Embedding Spaces,D18-1214
Deep Probabilistic Logic: A Unifying Framework for Indirect Supervision,D18-1215
Deriving Machine Attention from Human Rationales,D18-1216
Semi-Supervised Sequence Modeling with Cross-View Training,D18-1217
A Probabilistic Annotation Model for Crowdsourcing Coreference,D18-1218
A Deterministic Algorithm for Bridging Anaphora Resolution,D18-1219
A Knowledge Hunting Framework for Common Sense Reasoning,D18-1220
Mapping Text to Knowledge Graph Entities using Multi-Sense LSTMs,D18-1221
Differentiating Concepts and Instances for Knowledge Graph Embedding,D18-1222
One-Shot Relational Learning for Knowledge Graphs,D18-1223
Regular Expression Guided Entity Mention Mining from Noisy Web Data,D18-1224
HyTE: Hyperplane-based Temporally aware Knowledge Graph Embedding,D18-1225
Neural Adaptation Layers for Cross-domain Named Entity Recognition,D18-1226
Entity Linking within a Social Media Platform: A Case Study on Yelp,D18-1227
Annotation of a Large Clinical Entity Corpus,D18-1228
Visual Supervision in Bootstrapped Information Extraction,D18-1229
Learning Named Entity Tagger using Domain-Specific Dictionary,D18-1230
Zero-Shot Open Entity Typing as Type-Compatible Grounding,D18-1231
Attention-Guided Answer Distillation for Machine Reading Comprehension,D18-1232
Interpretation of Natural Language Rules in Conversational Machine Reading,D18-1233
A State-transition Framework to Answer Complex Questions over Knowledge Base,D18-1234
A Multi-answer Multi-task Framework for Real-world Machine Reading Comprehension,D18-1235
Logician and Orator: Learning from the Duality between Language and Knowledge in Open Domain,D18-1236
MemoReader: Large-Scale Reading Comprehension through Neural Memory Controller,D18-1237
Multi-Granular Sequence Encoding via Dilated Compositional Units for Reading Comprehension,D18-1238
Neural Compositional Denotational Semantics for Question Answering,D18-1239
Cross-Pair Text Representations for Answer Sentence Selection,D18-1240
QuAC: Question Answering in Context,D18-1241
Knowledge Base Question Answering via Encoding of Complex Query Graphs,D18-1242
Neural Relation Extraction via Inner-Sentence Noise Reduction and Transfer Learning,D18-1243
Graph Convolution over Pruned Dependency Trees Improves Relation Extraction,D18-1244
Multi-Level Structured Self-Attentions for Distantly Supervised Relation Extraction,D18-1245
N-ary Relation Extraction using Graph-State LSTM,D18-1246
Hierarchical Relation Extraction with Coarse-to-Fine Grained Attention,D18-1247
Label-Free Distant Supervision for Relation Extraction via Knowledge Graph Embedding,D18-1248
Extracting Entities and Relations with Joint Minimum Risk Training,D18-1249
Large-scale Exploration of Neural Relation Classification Architectures,D18-1250
Possessors Change Over Time: A Case Study with Artworks,D18-1251
Using lexical alignment and referring ability to address data sparsity in situated dialog reference resolution,D18-1252
Subgoal Discovery for Hierarchical Dialogue Policy Learning,D18-1253
Supervised Clustering of Questions into Intents for Dialog System Applications,D18-1254
Towards Exploiting Background Knowledge for Building Conversation Systems,D18-1255
Decoupling Strategy and Generation in Negotiation Dialogues,D18-1256
Large-scale Cloze Test Dataset Created by Teachers,D18-1257
emrQA: A Large Corpus for Question Answering on Electronic Medical Records,D18-1258
"HotpotQA: A Dataset for Diverse, Explainable Multi-hop Question Answering",D18-1259
Can a Suit of Armor Conduct Electricity? A New Dataset for Open Book Question Answering,D18-1260
Evaluating Theory of Mind in Question Answering,D18-1261
A Unified Syntax-aware Framework for Semantic Role Labeling,D18-1262
Semantics as a Foreign Language,D18-1263
An AMR Aligner Tuned by Transition-based Parser,D18-1264
Dependency-based Hybrid Trees for Semantic Parsing,D18-1265
Policy Shaping and Generalized Update Equations for Semantic Parsing from Denotations,D18-1266
Sentence Compression for Arbitrary Languages via Multilingual Pivoting,D18-1267
Unsupervised Cross-lingual Transfer of Word Embedding Spaces,D18-1268
XNLI: Evaluating Cross-lingual Sentence Representations,D18-1269
Joint Multilingual Supervision for Cross-lingual Entity Linking,D18-1270
Fine-grained Coordinated Cross-lingual Text Stream Alignment for Endless Language Knowledge Acquisition,D18-1271
WECA：A WordNet-Encoded Collocation-Attention Network for Homographic Pun Recognition,D18-1272
A Hybrid Approach to Automatic Corpus Generation for Chinese Spelling Check,D18-1273
Neural Quality Estimation of Grammatical Error Correction,D18-1274
Transferring from Formal Newswire Domain with Hypernet for Twitter POS Tagging,D18-1275
Free as in Free Word Order: An Energy Based Model for Word Segmentation and Morphological Tagging in Sanskrit,D18-1276
A Challenge Set and Methods for Noun-Verb Ambiguity,D18-1277
What do character-level models learn about morphology? The case of dependency parsing,D18-1278
Learning Better Internal Structure of Words for Sequence Labeling,D18-1279
ICON: Interactive Conversational Memory Network for Multimodal Emotion Detection,D18-1280
Discriminative Learning of Open-Vocabulary Object Retrieval and Localization by Negative Phrase Augmentation,D18-1281
Grounding Semantic Roles in Images,D18-1282
Commonsense Justification for Action Explanation,D18-1283
Learning Personas from Dialogue with Attentive Memory Networks,D18-1284
Grounding language acquisition by training semantic parsers using captioned videos,D18-1285
Translating Navigation Instructions in Natural Language to a High-Level Plan for Behavioral Robot Navigation,D18-1286
Mapping Instructions to Actions in 3D Environments with Visual Goal Prediction,D18-1287
Deconvolutional time series regression: A technique for modeling temporally diffuse effects,D18-1288
Is this Sentence Difficult? Do you Agree?,D18-1289
Neural Transition Based Parsing of Web Queries: An Entity Based Approach,D18-1290
"An Investigation of the Interactions Between Pre-Trained Word Embeddings, Character Models and POS Tags in Dependency Parsing",D18-1291
Depth-bounding is effective: Improvements and Evaluation of Unsupervised PCFG Induction,D18-1292
Incremental Computation of Infix Probabilities for Probabilistic Finite Automata,D18-1293
Syntax Encoding with Application in Authorship Attribution,D18-1294
Sanskrit Word Segmentation Using Character-level Recurrent and Convolutional Neural Networks,D18-1295
Session-level Language Modeling for Conversational Speech,D18-1296
Towards Less Generic Responses in Neural Conversation Models: A Statistical Re-weighting Method,D18-1297
Training Millions of Personalized Dialogue Agents,D18-1298
Towards Universal Dialogue State Tracking,D18-1299
Semantic Parsing for Task Oriented Dialog using Hierarchical Representations,D18-1300
The glass ceiling in NLP,D18-1301
Reducing Gender Bias in Abusive Language Detection,D18-1302
SafeCity: Understanding Diverse Forms of Sexual Harassment Personal Stories,D18-1303
Learning multiview embeddings for assessing dementia,D18-1304
WikiConv: A Corpus of the Complete Conversational History of a Large Online Collaborative Community,D18-1305
Marginal Likelihood Training of BiLSTM-CRF for Biomedical Named Entity Recognition from Disjoint Label Sets,D18-1306
Adversarial training for multi-context joint entity and relation extraction,D18-1307
Structured Multi-Label Biomedical Text Tagging via Attentive Neural Tree Decoding,D18-1308
Deep Exhaustive Model for Nested Named Entity Recognition,D18-1309
Evaluating the Utility of Hand-crafted Features in Sequence Labelling,D18-1310
Improved Dependency Parsing using Implicit Word Connections Learned from Unlabeled Data,D18-1311
A Framework for Understanding the Role of Morphology in Universal Dependency Parsing,D18-1312
The Lazy Encoder: A Fine-Grained Analysis of the Role of Morphology in Neural Machine Translation,D18-1313
Imitation Learning for Neural Morphological String Transduction,D18-1314
An Encoder-Decoder Approach to the Paradigm Cell Filling Problem,D18-1315
Generating Natural Language Adversarial Examples,D18-1316
Multi-Head Attention with Disagreement Regularization,D18-1317
Deep Bayesian Active Learning for Natural Language Processing: Results of a Large-Scale Empirical Study,D18-1318
Bayesian Compression for Natural Language Processing,D18-1319
Multimodal neural pronunciation modeling for spoken languages with logographic origin,D18-1320
"Chinese Pinyin Aided IME, Input What You Have Not Keystroked Yet",D18-1321
Estimating Marginal Probabilities of n-grams for Recurrent Neural Language Models,D18-1322
"How to represent a word and predict it, too: improving tied architectures for language modelling",D18-1323
The Importance of Generation Order in Language Modeling,D18-1324
Document-Level Neural Machine Translation with Hierarchical Attention Networks,D18-1325
Three Strategies to Improve One-to-Many Multilingual Translation,D18-1326
Multi-Source Syntactic Neural Machine Translation,D18-1327
Fixing Translation Divergences in Parallel Corpora for Neural MT,D18-1328
Adversarial Evaluation of Multimodal Machine Translation,D18-1329
Loss in Translation: Learning Bilingual Word Mapping with a Retrieval Criterion,D18-1330
Learning When to Concentrate or Divert Attention: Self-Adaptive Attention Temperature for Neural Machine Translation,D18-1331
Accelerating Asynchronous Stochastic Gradient Descent for Neural Machine Translation,D18-1332
Learning to Jointly Translate and Predict Dropped Pronouns with a Shared Reconstruction Mechanism,D18-1333
Getting Gender Right in Neural Machine Translation,D18-1334
Towards Two-Dimensional Sequence to Sequence Model in Neural Machine Translation,D18-1335
End-to-End Non-Autoregressive Neural Machine Translation with Connectionist Temporal Classification,D18-1336
Prediction Improves Simultaneous Neural Machine Translation,D18-1337
Training Deeper Neural Machine Translation Models with Transparent Attention,D18-1338
Context and Copying in Neural Machine Translation,D18-1339
Encoding Gated Translation Memory into Neural Machine Translation,D18-1340
Automatic Post-Editing of Machine Translation: A Neural Programmer-Interpreter Approach,D18-1341
Breaking the Beam Search Curse: A Study of (Re-)Scoring Methods and Stopping Criteria for Neural Machine Translation,D18-1342
Multi-Multi-View Learning: Multilingual and Multi-Representation Entity Typing,D18-1343
Word Embeddings for Code-Mixed Language Processing,D18-1344
On the Strength of Character Language Models for Multilingual Named Entity Recognition,D18-1345
Code-switched Language Models Using Dual RNNs and Same-Source Pretraining,D18-1346
"Part-of-Speech Tagging for Code-Switched, Transliterated Texts without Explicit Language Identification",D18-1347
Zero-shot User Intent Detection via Capsule Neural Networks,D18-1348
Hierarchical Neural Networks for Sequential Sentence Classification in Medical Scientific Abstracts,D18-1349
Investigating Capsule Networks with Dynamic Routing for Text Classification,D18-1350
Topic Memory Networks for Short Text Classification,D18-1351
Few-Shot and Zero-Shot Multi-Label Learning for Structured Label Spaces,D18-1352
Automatic Poetry Generation with Mutual Reinforcement Learning,D18-1353
Variational Autoregressive Decoder for Neural Response Generation,D18-1354
Integrating Transformer and Paraphrase Rules for Sentence Simplification,D18-1355
Learning Neural Templates for Text Generation,D18-1356
Multi-Reference Training with Pseudo-References for Neural Translation and Text Generation,D18-1357
Knowledge Graph Embedding with Hierarchical Relation Structure,D18-1358
Embedding Multimodal Relational Data for Knowledge Base Completion,D18-1359
"Multi-Task Identification of Entities, Relations, and Coreference for Scientific Knowledge Graph Construction",D18-1360
Playing 20 Question Game with Policy-Based Reinforcement Learning,D18-1361
Multi-Hop Knowledge Graph Reasoning with Reward Shaping,D18-1362
Neural Transductive Learning and Beyond: Morphological Generation in the Minimal-Resource Setting,D18-1363
Implicational Universals in Stochastic Constraint-Based Phonology,D18-1364
Explaining Character-Aware Neural Networks for Word-Level Prediction: Do They Discover Linguistic Rules?,D18-1365
Adapting Word Embeddings to New Languages with Morphological and Phonological Subword Representations,D18-1366
A Computational Exploration of Exaggeration,D18-1367
Building Context-aware Clause Representations for Situation Entity Type Classification,D18-1368
Hierarchical Dirichlet Gaussian Marked Hawkes Process for Narrative Reconstruction in Continuous Time Domain,D18-1369
Investigating the Role of Argumentation in the Rhetorical Analysis of Scientific Publications with Neural Multi-Task Learning Models,D18-1370
Neural Ranking Models for Temporal Dependency Structure Parsing,D18-1371
Causal Explanation Analysis on Social Media,D18-1372
LRMM: Learning to Recommend with Missing Modalities,D18-1373
Content Explorer: Recommending Novel Entities for a Document Writer,D18-1374
A Genre-Aware Attention Model to Improve the Likability Prediction of Books,D18-1375
Thread Popularity Prediction and Tracking with a Permutation-invariant Model,D18-1376
IARM: Inter-Aspect Relation Modeling with Memory Networks in Aspect-Based Sentiment Analysis,D18-1377
Limbic: Author-Based Sentiment Aspect Modeling Regularized with Word Embeddings and Discourse Relations,D18-1378
An Interpretable Neural Network with Topical Information for Relevant Emotion Ranking,D18-1379
Multi-grained Attention Network for Aspect-Level Sentiment Classification,D18-1380
Attentive Gated Lexicon Reader with Contrastive Contextual Co-Attention for Sentiment Classification,D18-1381
Contextual Inter-modal Attention for Multi-modal Sentiment Analysis,D18-1382
Adaptive Semi-supervised Learning for Cross-domain Sentiment Classification,D18-1383
ExtRA: Extracting Prominent Review Aspects from Customer Feedback,D18-1384
Cross-Lingual Cross-Platform Rumor Verification Pivoting on Multimedia Content,D18-1385
Extractive Adversarial Networks: High-Recall Explanations for Identifying Personal Attacks in Social Media Posts,D18-1386
Automatic Detection of Vague Words and Sentences in Privacy Policies,D18-1387
Multi-view Models for Political Ideology Detection of News Articles,D18-1388
Predicting Factuality of Reporting and Bias of News Media Sources,D18-1389
Legal Judgment Prediction via Topological Learning,D18-1390
Hierarchical CVAE for Fine-Grained Hate Speech Classification,D18-1391
Residualized Factor Adaptation for Community Social Media Prediction Tasks,D18-1392
Framing and Agenda-Setting in Russian News: a Computational Analysis of Intricate Political Strategies,D18-1393
Identifying the sentiment styles of YouTube's vloggers,D18-1394
Native Language Identification with User Generated Content,D18-1395
Beyond Error Propagation in Neural Machine Translation: Characteristics of Language Also Matter,D18-1396
A Study of Reinforcement Learning for Neural Machine Translation,D18-1397
Meta-Learning for Low-Resource Neural Machine Translation,D18-1398
Unsupervised Statistical Machine Translation,D18-1399
A Visual Attention Grounding Neural Model for Multimodal Machine Translation,D18-1400
Sentiment Classification towards Question-Answering with Hierarchical Matching Network,D18-1401
Cross-topic Argument Mining from Heterogeneous Sources,D18-1402
Summarizing Opinions: Aspect Extraction Meets Sentiment Prediction and They Are Both Weakly Supervised,D18-1403
CARER: Contextualized Affect Representations for Emotion Recognition,D18-1404
Noise Contrastive Estimation and Negative Sampling for Conditional Models: Consistency and Statistical Efficiency,D18-1405
CaLcs: Continuously Approximating Longest Common Subsequence for Sequence Level Optimization,D18-1406
Pathologies of Neural Models Make Interpretations Difficult,D18-1407
Phrase-level Self-Attention Networks for Universal Sentence Encoding,D18-1408
BanditSum: Extractive Summarization as a Contextual Bandit,D18-1409
A Word-Complexity Lexicon and A Neural Readability Ranking Model for Lexical Simplification,D18-1410
Learning Latent Semantic Annotations for Grounding Natural Language to Structured Data,D18-1411
Syntactic Scaffolds for Semantic Structures,D18-1412
Hierarchical Quantized Representations for Script Generation,D18-1413
Semantic Role Labeling for Learner Chinese: the Importance of Syntactic Parsing and L2-L1 Parallel Data,D18-1414
A Teacher-Student Framework for Maintainable Dialog Manager,D18-1415
Discriminative Deep Dyna-Q: Robust Planning for Dialogue Policy Learning,D18-1416
A Self-Attentive Model with Gate Mechanism for Spoken Language Understanding,D18-1417
Learning End-to-End Goal-Oriented Dialog with Multiple Answers,D18-1418
AirDialogue: An Environment for Goal-Oriented Dialogue Research,D18-1419
QuaSE: Sequence Editing under Quantifiable Guidance,D18-1420
Paraphrase Generation with Deep Reinforcement Learning,D18-1421
Operation-guided Neural Networks for High Fidelity Data-To-Text Generation,D18-1422
Generating Classical Chinese Poems via Conditional Variational Autoencoder and Adversarial Training,D18-1423
Paragraph-level Neural Question Generation with Maxout Pointer and Gated Self-attention Networks,D18-1424
Spider: A Large-Scale Human-Labeled Dataset for Complex and Cross-Domain Semantic Parsing and Text-to-SQL Task,D18-1425
Unsupervised Natural Language Generation with Denoising Autoencoders,D18-1426
Answer-focused and Position-aware Neural Question Generation,D18-1427
Diversity-Promoting GAN: A Cross-Entropy Based Generative Adversarial Network for Diversified Text Generation,D18-1428
Towards a Better Metric for Evaluating Question Generation Systems,D18-1429
Stylistic Chinese Poetry Generation via Unsupervised Style Disentanglement,D18-1430
Generating More Interesting Responses in Neural Conversation Models with Distributional Constraints,D18-1431
"Better Conversations by Modeling, Filtering, and Optimizing for Coherence and Diversity",D18-1432
Incorporating Background Knowledge into Video Description Generation,D18-1433
Multimodal Differential Network for Visual Question Generation,D18-1434
Entity-aware Image Caption Generation,D18-1435
Learning to Describe Differences Between Pairs of Similar Images,D18-1436
Object Hallucination in Image Captioning,D18-1437
Abstractive Text-Image Summarization Using Multi-Modal Attentional Hierarchical RNN,D18-1438
Keyphrase Generation with Correlation Constraints,D18-1439
Closed-Book Training to Improve Summarization Encoder Memory,D18-1440
Improving Neural Abstractive Document Summarization with Structural Regularization,D18-1441
Iterative Document Representation Learning Towards Summarization with Polishing,D18-1442
Bottom-Up Abstractive Summarization,D18-1443
Controlling Length in Abstractive Summarization Using a Convolutional Neural Network,D18-1444
APRIL: Interactively Learning to Summarise by Combining Active Preference Learning and Reinforcement Learning,D18-1445
Adapting the Neural Encoder-Decoder Framework from Single to Multi-Document Summarization,D18-1446
Semi-Supervised Learning for Neural Keyphrase Generation,D18-1447
MSMO: Multimodal Summarization with Multimodal Output,D18-1448
Frustratingly Easy Model Ensemble for Abstractive Summarization,D18-1449
Automatic Pyramid Evaluation Exploiting EDU-based Extractive Reference Summaries,D18-1450
Learning to Encode Text as Human-Readable Summaries using Generative Adversarial Networks,D18-1451
Joint Multitask Learning for Community Question Answering Using Task-Specific Embeddings,D18-1452
What Makes Reading Comprehension Questions Easier?,D18-1453
Commonsense for Generative Multi-Hop Question Answering Tasks,D18-1454
Open Domain Question Answering Using Early Fusion of Knowledge Bases and Text,D18-1455
A Nil-Aware Answer Extraction Framework for Question Answering,D18-1456
Exploiting Deep Representations for Neural Machine Translation,D18-1457
Why Self-Attention? A Targeted Evaluation of Neural Machine Translation Architectures,D18-1458
Simplifying Neural Machine Translation with Addition-Subtraction Twin-Gated Recurrent Networks,D18-1459
Speeding Up Neural Machine Translation Decoding by Cube Pruning,D18-1460
Revisiting Character-Based Neural Machine Translation with Capacity and Compression,D18-1461
A Skeleton-Based Model for Promoting Coherence Among Sentences in Narrative Story Generation,D18-1462
Nexus Network: Connecting the Preceding and the Following in Dialogue Generation,D18-1463
A Neural Local Coherence Model for Text Quality Assessment,D18-1464
Deep Attentive Sentence Ordering Network,D18-1465
Getting to "Hearer-old": Charting Referring Expressions Across Time,D18-1466
Making "fetch" happen: The influence of social and linguistic context on nonstandard word growth and decline,D18-1467
Analyzing Correlated Evolution of Multiple Features Using Latent Representations,D18-1468
Capturing Regional Variation with Distributed Place Representations and Geographic Retrofitting,D18-1469
Characterizing Interactions and Relationships between People,D18-1470
Why Swear? Analyzing and Inferring the Intentions of Vulgar Expressions,D18-1471
Is it Time to Swish? Comparing Deep Learning Activation Functions Across NLP tasks,D18-1472
Hard Non-Monotonic Attention for Character-Level Transduction,D18-1473
Speed Reading: Learning to Read ForBackward via Shuttle,D18-1474
Modeling Localness for Self-Attention Networks,D18-1475
Chargrid: Towards Understanding 2D Documents,D18-1476
Simple Recurrent Units for Highly Parallelizable Recurrence,D18-1477
NPRF: A Neural Pseudo Relevance Feedback Framework for Ad-hoc Information Retrieval,D18-1478
Co-Stack Residual Affinity Networks with Multi-level Attention Refinement for Matching Text Sequences,D18-1479
Spherical Latent Spaces for Stable Variational Autoencoders,D18-1480
Learning Universal Sentence Representations with Mean-Max Attention Autoencoder,D18-1481
Word Mover's Embedding: From Word2Vec to Document Embedding,D18-1482
Multilingual Clustering of Streaming News,D18-1483
Multi-Task Label Embedding for Text Classification,D18-1484
Semantic-Unit-Based Dilated Convolution for Multi-Label Text Classification,D18-1485
MCapsNet: Capsule Network for Text with Multi-Task Learning,D18-1486
Uncertainty-aware generative models for inferring document class prevalence,D18-1487
Challenges of Using Text Classifiers for Causal Inference,D18-1488
Direct Output Connection for a High-Rank Language Model,D18-1489
Disfluency Detection using Auto-Correlational Neural Networks,D18-1490
Pyramidal Recurrent Unit for Language Modeling,D18-1491
On Tree-Based Neural Sentence Modeling,D18-1492
Language Modeling with Sparse Product of Sememe Experts,D18-1493
Siamese Network-Based Supervised Topic Modeling,D18-1494
GraphBTM: Graph Enhanced Autoencoded Variational Inference for Biterm Topic Model,D18-1495
Modeling Online Discourse with Coupled Distributed Topics,D18-1496
Learning Disentangled Representations of Texts with Application to Biomedical Abstracts,D18-1497
Multi-Source Domain Adaptation with Mixture of Experts,D18-1498
A Neural Model of Adaptation in Reading,D18-1499
Understanding Deep Learning Performance through an Examination of Test Set Difficulty: A Psychometric Case Study,D18-1500
Lexicosyntactic inference in neural models,D18-1501
Dual Fixed-Size Ordinally Forgetting Encoding (FOFE) for Competitive Neural Language Models,D18-1502
The importance of Being Recurrent for Modeling Hierarchical Structure,D18-1503
Joint Learning for Targeted Sentiment Analysis,D18-1504
Revisiting the Importance of Encoding Logic Rules in Sentiment Classification,D18-1505
A Co-attention Neural Network Model for Emotion Cause Analysis with Emotional Context Awareness,D18-1506
Modeling Empathy and Distress in Reaction to News Stories,D18-1507
Interpretable Emoji Prediction via Label-Wise Attention LSTMs,D18-1508
A Tree-based Decoder for Neural Machine Translation,D18-1509
Greedy Search with Probabilistic N-gram Matching for Neural Machine Translation,D18-1510
Exploring Recombination for Efficient Decoding of Neural Machine Translation,D18-1511
Has Machine Translation Achieved Human Parity? A Case for Document-level Evaluation,D18-1512
Automatic Reference-Based Evaluation of Pronoun Translation Misses the Point,D18-1513
FewRel: A Large-Scale Supervised Few-shot Relation Classification Dataset with State-of-the-Art Evaluation,D18-1514
A strong baseline for question relevancy ranking,D18-1515
Learning Sequence Encoders for Temporal Knowledge Graph Completion,D18-1516
Similar but not the Same: Word Sense Disambiguation Improves Event Detection via Neural Representation Matching,D18-1517
Learning Word Representations with Cross-Sentence Dependency for End-to-End Co-reference Resolution,D18-1518
Word Relation Autoencoder for Unseen Hypernym Extraction Using Word Embeddings,D18-1519
Refining Pretrained Word Embeddings Using Layer-wise Relevance Propagation,D18-1520
Learning Gender-Neutral Word Embeddings,D18-1521
Learning Concept Abstractness Using Weak Supervision,D18-1522
Word Sense Induction with Neural biLM and Symmetric Patterns,D18-1523
InferLite: Simple Universal Sentence Representations from Natural Language Inference Data,D18-1524
Similarity-Based Reconstruction Loss for Meaning Representation,D18-1525
What can we learn from Semantic Tagging?,D18-1526
Conditional Word Embedding and Hypothesis Testing via Bayes-by-Backprop,D18-1527
Classifying Referential and Non-referential It Using Gaze,D18-1528
State-of-the-art Chinese Word Segmentation with Bi-LSTMs,D18-1529
Sanskrit Sandhi Splitting using seq2(seq)2,D18-1530
Unsupervised Neural Word Segmentation for Chinese via Segmental Language Modeling,D18-1531
LemmaTag: Jointly Tagging and Lemmatizing for Morphologically Rich Languages with BRNNs,D18-1532
Recovering Missing Characters in Old Hawaiian Writing,D18-1533
When data permutations are pathological: the case of neural natural language inference,D18-1534
Bridging Knowledge Gaps in Neural Entailment via Symbolic Models,D18-1535
The BQ Corpus: A Large-scale Domain-specific Chinese Corpus For Sentence Semantic Equivalence Identification,D18-1536
Interpreting Recurrent and Attention-Based Neural Models: a Case Study on Natural Language Inference,D18-1537
Towards Semi-Supervised Learning for Deep Semantic Role Labeling,D18-1538
Identifying Domain Adjacent Instances for Semantic Parsers,D18-1539
Mapping natural language commands to web elements,D18-1540
Wronging a Right: Generating Better Errors to Improve Grammatical Error Detection, [D18-1541]
Modeling Input Uncertainty in Neural Network Dependency Parsing,D18-1542
Parameter sharing between dependency parsers for related languages,D18-1543
Grammar Induction with Neural Language Models: An Unusual Replication,D18-1544
Data Augmentation via Dependency Tree Morphing for Low-Resource Languages,D18-1545
How Much Reading Does Reading Comprehension Require? A Critical Investigation of Popular Benchmarks,D18-1546
MultiWOZ - A Large-Scale Multi-Domain Wizard-of-Oz Dataset for Task-Oriented Dialogue Modelling,D18-1547
Linguistically-Informed Self-Attention for Semantic Role Labeling,D18-1548
Phrase-Based & Neural Unsupervised Machine Translation,D18-1549
SyntaViz: Visualizing Voice Queries through a Syntax-Driven Hierarchical Ontology,D18-2001
TRANX: A Transition-based Neural Abstract Syntax Parser for Semantic Parsing and Code Generation,D18-2002
Data2Text Studio: Automated Text Generation from Structured Data,D18-2003
Term Set Expansion based NLP Architect by Intel AI Lab,D18-2004
MorAz: an Open-source Morphological Analyzer for Azerbaijani Turkish,D18-2005
An Interactive Web-Interface for Visualizing the Inner Workings of the Question Answering LSTM,D18-2006
Visual Interrogation of Attention-Based Models for Natural Language Inference and Machine Comprehension,D18-2007
DERE: A Task and Domain-Independent Slot Filling Framework for Declarative Relation Extraction,D18-2008
Demonstrating Par4Sem - A Semantic Writing Aid with Adaptive Paraphrasing,D18-2009
Juman++: A Morphological Analysis Toolkit for Scriptio Continua,D18-2010
Visualization of the Topic Space of Argument Search Results in args.me,D18-2011
"SentencePiece: A simple and language independent subword tokenizer and detokenizer for Neural Text Processing",D18-2012
CogCompTime: A Tool for Understanding Time in Natural Language,D18-2013
A Multilingual Information Extraction Pipeline for Investigative Journalism,D18-2014
"Sisyphus, a Workflow Manager Designed for Machine Translation and Automatic Speech Recognition",D18-2015
KT-Speech-Crawler: Automatic Dataset Construction for Speech Recognition from YouTube Videos,D18-2016
Visualizing Group Dynamics based on Multiparty Meeting Understanding,D18-2017
An Interface for Annotating Science Questions,D18-2018
APLenty: annotation tool for creating high-quality datasets using active and proactive learning,D18-2019
Interactive Instance-based Evaluation of Knowledge Base Question Answering,D18-2020
"Magnitude: A Fast, Efficient Universal Vector Embedding Utility Package",D18-2021
Integrating Knowledge-Supported Search into the INCEpTION Annotation Platform,D18-2022
CytonMT: an Efficient Neural Machine Translation Open-source Toolkit Implemented in C++,D18-2023
OpenKE: An Open Toolkit for Knowledge Embedding,D18-2024
LIA: A Natural Language Programmable Personal Assistant,D18-2025
PizzaPal: Conversational Pizza Ordering using a High-Density Conversational AI Platform,D18-2026
Developing Production-Level Conversational Interfaces with Shallow Semantic Parsing,D18-2027
When science journalism meets artificial intelligence : An interactive demonstration,D18-2028
Universal Sentence Encoder for English,D18-2029