"Submission ID","Authors",
"1443","Carolin Lawrence, Bhushan Kotnis and Mathias Niepert",
"526","Sarah Wiegreffe and Yuval Pinter",
"1176","David Lowell, Zachary C. Lipton and Byron C. Wallace",
"1207","Matan Ben Noach and Yoav Goldberg",
"TACL-1732","Jiatao Gu, Qi Liu and Kyunghyun Cho",
"3403","Matthew E. Peters, Mark Neumann, Robert Logan, Roy Schwartz, Vidur Joshi, Sameer Singh and Noah A. Smith",
"208","Kawin Ethayarajh",
"783","Philippa Shoemark, Farhana Ferdousi Liza, Dong Nguyen, Scott Hale and Barbara McGillivray",
"3976","Vitalii Zhelezniak, April Shen, Daniel Busbridge, Aleksandar Savkov and Nils Hammerla",
"1724","Rocco Tripodi and Roberto Navigli",
"166","Ryuichi Takanobu, Hanlin Zhu and Minlie Huang",
"554","Chunyuan Yuan, Wei Zhou, Mingming Li, Shangwen Lv, Fuqing Zhu, Jizhong Han and Songlin Hu",
"1053","Zhaojiang Lin, Andrea Madotto, Jamin Shin, Peng Xu and Pascale Fung",
"2430","Libo Qin, Yijia Liu, Wanxiang Che, Haoyang Wen, Yangming Li and Ting Liu",
"3756","Mingyang Zhou, Josh Arnold and Zhou Yu",
"2092","Deepanway Ghosal, Navonil Majumder, Soujanya Poria, Niyati Chhaya and Alexander Gelbukh",
"1814","Peixiang Zhong, Di Wang and Chunyan Miao",
"3544","Yang Yang, Deyu ZHOU, Yulan He and Meng Zhang",
"518","Jianmo Ni, Jiacheng Li and Julian McAuley",
"204","Kaisong Song, Lidong Bing, Wei Gao, Jun Lin, Lujun Zhao, Jiancheng Wang, Changlong Sun, Xiaozhong Liu and Qiong Zhang",
"249","Linfeng Song, Yue Zhang, Daniel Gildea, Mo Yu, Zhiguo Wang and jinsong su",
"569","Ruidong Wu, Yuan Yao, Xu Han, Ruobing Xie, Zhiyuan Liu, Fen Lin, Leyu Lin and Maosong Sun",
"710","Pengfei Li, Kezhi Mao, Xuefeng Yang and Qi Li",
"782","Yuting Wu, Xiao Liu, Yansong Feng, Zheng Wang and Dongyan Zhao",
"796","Zihao Wang, Kwunping Lai, Piji Li, Lidong Bing and Wai Lam",
"821","Yixin Cao, Zikun Hu, Tat-seng Chua, Zhiyuan Liu and Heng Ji",
"841","Xiyuan Yang, Xiaotao Gu, Sheng Lin, Siliang Tang, Yueting Zhuang, Fei Wu, Zhigang Chen, Guoping Hu and Xiang Ren",
"859","Rui Wang, Deyu ZHOU and Yulan He",
"1001","Lingyong Yan, Xianpei Han, Le Sun and Ben He",
"1149","Tianwen Jiang, Tong Zhao, Bing Qin, Ting Liu, Nitesh Chawla and Meng Jiang",
"1210","Ananya Subburathinam, Di Lu, Heng Ji, Jonathan May, Shih-Fu Chang, Avirup Sil and Clare Voss",
"1365","Junfan Chen, Richong Zhang, Yongyi Mao, Hongyu Guo and Jie Xu",
"1736","Shun Zheng, Wei Cao, Wei Xu and Jiang Bian",
"1816","Ning Ding, Ziran Li, Zhiyuan Liu, Haitao Zheng and Zibo Lin",
"1874","Changmeng Zheng, Yi Cai, Jingyun Xu, Ho-fung Leung and Guandong Xu",
"2024","Xiangrong Zeng, Shizhu He, Daojian Zeng, Kang Liu, Shengping Liu and Jun Zhao",
"2439","Swapnil Gupta, Sreyash Kenkre and Partha Talukdar",
"2793","Yuyun Huang and Jinhua Du",
"3014","Jian Ni and Radu Florian",
"3059","xiang deng and Huan Sun",
"3317","Mingda Chen, Zewei Chu, Yang Chen, Karl Stratos and Kevin Gimpel",
"3646","Rujun Han, Qiang Ning and Nanyun Peng",
"32","Yuning Mao, Jingjing Tian, Jiawei Han and Xiang Ren",
"314","Chunning Du, Haifeng Sun, Jingyu Wang, Qi Qi, Jianxin Liao, Chun Wang and Bing Ma",
"721","Lin Xiao, Xin Huang, Boli Chen and Liping Jing",
"729","Shengli Sun, Qingfeng Sun, Kevin Zhou and Tengchao Lv",
"2087","Vivian Lai, Zheng Cai and Chenhao Tan",
"2273","Guocheng Niu, Hengru Xu, Bolei He, Xinyan Xiao, Hua Wu and Sheng GAO",
"3004","Xiaoan Ding and Kevin Gimpel",
"3239","Omer Anjum, Hongyu Gong, Suma Bhat, Wen-Mei Hwu and JinJun Xiong",
"2750","Jon Gauthier and Roger Levy",
"DEMO-30","Ziyue Wang, Baoxin Wang, Xingyi Duan, Dayong Wu, Shijin Wang, Guoping Hu, and Ting Liu",
"DEMO-47","Yi-Huei Lai and Jason Chang",
"DEMO-50","Jaejun Lee, Raphael Tang, and Jimmy Lin",
"DEMO-64","Michael Stewart, Wei Liu, and Rachel Cardell-Oliver",
"DEMO-78","Fabian David Schmidt, Markus Dietsche, Simone Paolo Ponzetto, and Goran Glavaš",
"DEMO-80","Xu Han, Tianyu Gao, Yuan Yao, Deming Ye, Zhiyuan Liu, and Maosong Sun",
"DEMO-81","Nicolas Rodolfo Fauceglia, Alfio Gliozzo, Sarthak Dash, Md. Faisal Mahbub Chowdhury, and NandanaMihindukulasooriya",
"DEMO-87","Zeynep Akkalyoncu Yilmaz, Shengjin Wang, Wei Yang, Haotian Zhang, and Jimmy Lin",
"3687","Wojciech Kryscinski, Nitish Shirish Keskar, Bryan McCann, Caiming Xiong and Richard Socher",
"2586","Thiago Castro Ferreira, Chris van der Lee, Emiel van Miltenburg and Emiel Krahmer",
"1175","Wei Zhao, Maxime Peyrard, Fei Liu, Yang Gao, Christian M. Meyer and Steffen Eger",
"3049","Xiaoyu Shen, Jun Suzuki, Kentaro Inui, Hui Su, Dietrich Klakow and Satoshi Sekine",
"3357","Xinyu Hua and Lu Wang",
"2740","Angel Daza and Anette Frank",
"2106","Yue Zhang, Rui Wang and Luo Si",
"2213","Andrea Di Fabio, Simone Conia and Roberto Navigli",
"1099","Ziyi Yang, Chenguang Zhu and Weizhu Chen",
"3807","Mingda Chen, Zewei Chu and Kevin Gimpel",
"3013","Dhivya Chinnappa, Srikala Murugan and Eduardo Blanco",
"1243","Jack Urbanek, Angela Fan, Siddharth Karamcheti, Saachi Jain, Samuel Humeau, Emily Dinan, Tim Rocktäschel, Douwe Kiela, Arthur Szlam and Jason Weston",
"1542","Khanh Nguyen and Hal Daumé III",
"2247","Patrick Bordes, Eloi Zablocki, Laure Soulier, Benjamin Piwowarski and patrick Gallinari",
"3024","Maxwell Forbes, Christine Kaeser-Chen, Piyush Sharma and Serge Belongie",
"116","Henry Rosales-Méndez, Aidan Hogan and Barbara Poblete",
"3069","Arpita Roy, Youngja Park, Taesung Lee and Shimei Pan",
"1723","Jian Liu, Yubo Chen, Kang Liu and Jun Zhao",
"1258","Filipe Mesquita, Matteo Cannaviccio, Jordan Schmidek, Paramita Mirza and Denilson Barbosa",
"3308","Aditya Gupta and Greg Durrett",
"233","Shuo Ren, Yu Wu, Shujie Liu, Ming Zhou and Shuai Ma",
"410","Xuewen Yang, Yingru Liu, Dongliang Xie, Xin Wang and Niranjan Balasubramanian",
"798","Shuo Wang, Yang Liu, Chao Wang, Huanbo Luan and Maosong Sun",
"846","Mingxuan Wang",
"985","Xiaofei Shi and Yanghua Xiao",
"1226","Masud Moshtaghi",
"1414","Shijie Wu and Mark Dredze",
"1427","Jiali Zeng, Yang Liu, jinsong su, yubing Ge, Yaojie Lu, Yongjing Yin and jiebo luo",
"1484","tianchi bi, hao xiong, Zhongjun He, Hua Wu and Haifeng Wang",
"1869","Yunsu Kim, Petre Petrov, Pavel Petrushkov, Shahram Khadivi and Hermann Ney",
"1967","Elena Voita, Rico Sennrich and Ivan Titov",
"2330","Jie Hao, Xing Wang, Shuming Shi, Jinfeng Zhang and Zhaopeng Tu",
"2537","Biao Zhang, Ivan Titov and Rico Sennrich",
"2961","Elias Stengel-Eskin, Tzu-ray Su, Matt Post and Benjamin Van Durme",
"3571","Longyue Wang, Zhaopeng Tu, Xing Wang and Shuming Shi",
"3601","Zaixiang Zheng, Shujian Huang, Zhaopeng Tu, XIN-YU DAI and Jiajun CHEN",
"3770","Wenqiang Lei, Weiwen Xu, Ai Ti Aw, Yuanxin Xiang and Tat Seng Chua",
"3857","Shilin He, Zhaopeng Tu, Xing Wang, Longyue Wang, Michael Lyu and Shuming Shi",
"4056","Xu Tan, Jiale Chen, Di He, Yingce Xia, Tao QIN and Tie-Yan Liu",
"1065","Paula Czarnowska, Sebastian Ruder, Edouard Grave, Ryan Cotterell and Ann Copestake",
"1268","Ryan Cotterell and Jason Eisner",
"2230","Antonios Anastasopoulos and Graham Neubig",
"TACL-1654","Ekin Akyürek, Erenay Dayanık and Deniz Yuret",
"205","Meishan Zhang, Yue Zhang and Guohong Fu",
"531","Linlin Liu, Xiang Lin, Shafiq Joty, Simeng Han and Lidong Bing",
"719","Rui Cai and Mirella Lapata",
"809","Zuyi Bao, Rui Huang, Chen Li and Kenny Zhu",
"863","Tao Gui, Yicheng Zou, Qi Zhang, Minlong Peng, Jinlan Fu, Zhongyu Wei and Xuanjing Huang",
"1556","Yijin Liu, Fandong Meng, Jinchao Zhang, Jie Zhou, Yufeng Chen and Jinan Xu",
"1794","Yaushian Wang, Hung-Yi Lee and Yun-Nung Chen",
"2179","Chunchuan Lyu, Shay B. Cohen and Ivan Titov",
"2724","Alankar Jain, Bhargavi Paranjape and Zachary C. Lipton",
"2738","Edwin D. Simpson and Iryna Gurevych",
"3091","Clara Vania, Yova Kementchedjhieva, Anders Søgaard and Adam Lopez",
"3368","Tao Meng, Nanyun Peng and Kai-Wei Chang",
"3711","Zhichu Lu, Forough Arabshahi, Igor Labutov and Tom Mitchell",
"3886","Shiyuan Xiao, Yuanxin Ouyang, Wenge Rong, Jianxin Yang and Zhang Xiong",
"4015","Benoit Crabbé, Murielle Fabre and Christophe Pallier",
"DEMO-29","Chenchen Ding, Masao Utiyama, and Eiichiro Sumita",
"DEMO-33","Max Eichler, Gözde Gül ¸ Sahin, and Iryna Gurevych",
"DEMO-40","Julia Kreutzer, Joost Bastings, and Stefan Riezler",
"DEMO-59","Carlos Escolano, Marta R. Costa-jussà, Elora Lacroux, and Pere-Pau Vázquez",
"DEMO-65","Hamdy Mubarak, Ahmed Abdelali, Kareem Darwish, Mohamed Eldesouki, Younes Samih, and HassanSajjad",
"DEMO-75","Reut Tsarfaty, Shoval Sadde, Stav Klein, and Amit Seker",
"DEMO-100","Sebastin Santy, Sandipan Dandapat, Monojit Choudhury, and Kalika Bali",
"1092","Mor Geva, Yoav Goldberg and Jonathan Berant",
"1128","Md Rizwan Parvez, Tolga Bolukbasi, Kai-Wei Chang and Venkatesh Saligrama",
"3289","Joe Davison, Joshua Feldman and Alexander Rush",
"3428","Jesse Dodge, Roy Schwartz, Hao Peng and Noah A. Smith",
"75","Philipp Dufter and Hinrich Schütze",
"3142","Zi-Yi Dou, Keyi Yu and Antonios Anastasopoulos",
"3045","Weijia Shi, Muhao Chen, Pei Zhou and Kai-Wei Chang",
"3508","Linqing Liu, Wei Yang, Jinfeng Rao, Raphael Tang and Jimmy Lin",
"3399","Zachary Ziegler, Yuntian Deng and Alexander Rush",
"3018","Simeng Sun and Ani Nenkova",
"1918","Min Gui, Junfeng Tian, Rui Wang and Zhenglu Yang",
"2020","Rahul Aralikatte, Heather Lent, Ana Valeria Gonzalez, Daniel Herschcovich, Chen Qiu, Anders Sandholm, Michael Ringaard and Anders Søgaard",
"740","Shun Kiyono, Jun Suzuki, Masato Mita, Tomoya Mizumoto and Kentaro Inui",
"1257","Weiwei Yang, Jordan Boyd-Graber and Philip Resnik",
"3730","Bonan Min and Xiaoxi Zhao",
"2903","Mahmoud Azab, Stephane Dadian, Vivi Nastase, Larry An and Rada Mihalcea",
"242","Chenguang Zhu, Michael Zeng and Xuedong Huang",
"622","Min Zeng, Yisen Wang and Yuan Luo",
"1011","Bo-Hsiang Tseng, Marek Rei, Paweł Budzianowski, Richard Turner, Bill Byrne and Anna Korhonen",
"1289","Yilin Shen, Xiangyu Zeng and Hongxia Jin",
"1447","Arshit Gupta, Peng Zhang, Garima Lalwani and Mona Diab",
"2050","Jia Li, Chongyang Tao, wei wu, Yansong Feng, Dongyan Zhao and Rui Yan",
"2329","Zihan Liu, Jamin Shin, Yan Xu, Genta Indra Winata, Peng Xu, Andrea Madotto and Pascale Fung",
"2650","Lei Shu, Hu Xu, Bing Liu and Piero Molino",
"3471","Stefan Larson, Anish Mahendran, Joseph J. Peper, Christopher Clarke, Andrew Lee, Parker Hill, Jonathan K. Kummerfeld, Kevin Leach, Michael A. Laurenzano, Lingjia Tang and Jason mars",
"3528","Tong Niu and Mohit Bansal",
"351","Yingbo Gao, Weiyue Wang and Hermann Ney",
"533","Hagai Taitelbaum, Gal Chechik and Jacob Goldberger",
"801","Jie Hao, Xing Wang, Shuming Shi, Jinfeng Zhang and Zhaopeng Tu",
"1284","Brian Thompson and Philipp Koehn",
"1603","Baigong Zheng, Renjie Zheng, Mingbo Ma and Liang Huang",
"1889","Phillip Keung, yichao lu and Vikas Bhardwaj",
"2114","Kehai Chen, Rui Wang, Masao Utiyama and Eiichiro Sumita",
"2413","amirhossein tebbifakhr, Luisa Bentivogli, Matteo Negri and Marco Turchi",
"2552","Matthias Gallé",
"3022","Brian Thompson, Rebecca Knowles, Xuan Zhang, Huda Khayrallah, Kevin Duh and Philipp Koehn",
"3336","Chunting Zhou, Xuezhe Ma, Junjie Hu and Graham Neubig",
"3487","Renjie Zheng, Mingbo Ma, Baigong Zheng and Liang Huang",
"3548","Xing Wang, Zhaopeng Tu, Longyue Wang and Shuming Shi",
"3590","Raj Dabre, Atsushi Fujita and Chenhui Chu",
"3716","Zi-Yi Dou, Junjie Hu, Antonios Anastasopoulos and Graham Neubig",
"4061","Yong Jiang, Wenjuan Han and Kewei Tu",
"4083","Gongbo Tang, Rico Sennrich and Joakim Nivre",
"2376","Hyun-Je Song and Seong-Bae Park",
"3733","Sawsan Alqahtani, Ajay Mishra and Mona Diab",
"459","Vishvak Murahari, Prithvijit Chattopadhyay, Dhruv Batra, Devi Parikh and Abhishek Das",
"790","Quynh Do and Judith Gaspers",
"2786","Po-Yao Huang, Xiaojun Chang and Alexander Hauptmann",
"3263","Soravit Changpinyo, Bo Pang, Piyush Sharma and Radu Soricut",
"3293","Ming Jiang, Junjie Hu, Qiuyuan Huang, Lei Zhang, Jana Diesner and Jianfeng Gao",
"3398","Mingfei Gao, Larry Davis, Richard Socher and Caiming Xiong",
"3748","Xudong Han, Philip Schulz and Trevor Cohn",
"3830","Xiujun Li, Chunyuan Li, Qiaolin Xia, Yonatan Bisk, Asli Celikyilmaz, Jianfeng Gao, Noah A. Smith and Yejin Choi",
"413","Michalina Strzyz, David Vilares and Carlos Gómez-Rodríguez",
"1234","Andrew Drozdov, Patrick Verga, Yi-Pei Chen, Mohit Iyyer and Andrew McCallum",
"3171","Sam Davidson, Dian Yu and Zhou Yu",
"3240","Panupong Pasupat, Sonal Gupta, Karishma Mandyam, Rushin Shah, Mike Lewis and Luke Zettlemoyer",
"2416","Zhengxin Yang, Jinchao Zhang, Fandong Meng, Shuhao Gu, Yang Feng and Jie Zhou",
"3252","Ankur Bapna and Orhan Firat",
"3177","Sweta Agrawal and Marine Carpuat",
"1388","Sneha Kudugunta, Ankur Bapna, Isaac Caswell and Orhan Firat",
"1423","Xin Tan, Longyin Zhang, Deyi Xiong and Guodong Zhou",
"8","Yiming Cui, Wanxiang Che, Ting Liu, Bing Qin, Shijin Wang and Guoping Hu",
"582","Minghao Hu, Yuxing Peng, Zhen Huang and Dongsheng Li",
"880","Andreas Rücklé, Nafise Sadat Moosavi and Iryna Gurevych",
"889","Jingjing Xu, Yuechen Wang, Duyu Tang, Nan Duan, Pengcheng Yang, Qi Zeng, Ming Zhou and Xu SUN",
"1646","Nina Poerner and Hinrich Schütze",
"172","Pulkit Parikh, Harika Abburi, Pinkesh Badjatiya, Radhika Krishnan, Niyati Chhaya, Manish Gupta and Vasudeva Varma",
"1462","Charuta Pethe and Steve Skiena",
"2950","Luke Breitfeller, Emily Ahn, David Jurgens and Yulia Tsvetkov",
"694","Miao Fan, Chao Feng, Mingming Sun and Ping Li",
"3557","Nicholas Andrews and Marcus Bishop",
"3793","Dongyeop Kang, Varun Gangal and Eduard Hovy",
"244","Pinelopi Papalampidi, Frank Keller and Mirella Lapata",
"2488","Lei Cao, Huijun Zhang, Ling Feng, Zihan Wei, Xin Wang, Ningyun Li and Xiaohao He",
"1903","Shivashankar Subramanian, Trevor Cohn and Timothy Baldwin",
"TACL-1677","Courtney Napoles, Maria Nadejde and Joel Tetreault",
"9","Igor Shalyminov, Sungjin Lee, Arash Eshghi and Oliver Lemon",
"64","Shikib Mehri and Maxine Eskenazi",
"111","Weikang Wang, Jiajun Zhang, Qian Li, Chengqing Zong and Zhifei Li",
"124","Bo Zhang and Xiaoming Zhang",
"138","zhibin liu, Zheng-Yu Niu, Hua Wu and Haifeng Wang",
"298","Hengyi Cai, Hongshen Chen, Cheng Zhang, Yonghao Song, Xiaofang Zhao and Dawei Yin",
"316","Qibin Chen, Junyang Lin, Yichang Zhang, Ming Ding, Yukuo Cen, Hongxia Yang and Jie Tang",
"419","Xiang Gao, Yizhe Zhang, Sungjin Lee, Michel Galley, Chris Brockett, Jianfeng Gao and Bill Dolan",
"537","Zhufeng Pan, Kun Bai, Yan Wang, Lianqiang Zhou and Xiaojiang Liu",
"771","Kun Zhou, Kai Zhang, Yu Wu, Shujie Liu and Jingsong Yu",
"866","Jia-Chen Gu, Zhen-Hua Ling, Xiaodan Zhu and Quan Liu",
"1432","Yi-Lin Tuan, Yun-Nung Chen and Hung-yi Lee",
"1550","Deng Cai, Yan Wang, Wei Bi, Zhaopeng Tu, Xiaojiang Liu and Shuming Shi",
"1842","Liliang Ren, Jianmo Ni and Julian McAuley",
"1931","Ze Yang, wei wu, Jian Yang, Can Xu and zhoujun li",
"2039","Jun Gao, Wei Bi, Xiaojiang Liu, Junhui Li, Guodong Zhou and Shuming Shi",
"2495","Ran Le, Wenpeng Hu, Mingyue Shang, Zhenjun You, Lidong Bing, Dongyan Zhao and Rui Yan",
"2594","Jinxin Chang, Ruifang He, Longbiao Wang, Xiangyu Zhao, Ting Yang and Ruifang Wang",
"2685","Zhangming Chan, Juntao Li, Xiaopeng Yang, Xiuying Chen, Wenpeng Hu, Dongyan Zhao and Rui Yan",
"3513","JinYeong Bak and Alice Oh",
"3727","Dongyeop Kang, Anusha Balakrishnan, Pararth Shah, Paul Crook, Y-Lan Boureau and Jason Weston",
"3881","Tao Yu, Rui Zhang, Heyang Er, Suyi Li, Eric Xue, Bo Pang, Xi Victoria Lin, Yi Chern Tan, Tianze Shi, Zihan Li, Youxuan Jiang, Michihiro Yasunaga, Sungrok Shim, Tao Chen, Alexander Fabbri, Zifan Li, Luyao Chen, Yuwen Zhang, Shreya Dixit, Vincent Zhang, Caiming Xiong, Richard Socher, Walter Lasecki and Dragomir Radev",
"3954","Harshit Kumar, Arvind Agarwal and Sachindra Joshi",
"4003","Weiyan Shi, Kun Qian, Xuewei Wang and Zhou Yu",
"TACL-1676","Suman Banerjee and Mitesh M. Khapra",
"294","Tao Jin, Siyu Huang, Yingming Li and Zhongfei Zhang",
"370","Dong-Jin Kim, Jinsoo Choi, Tae-Hyun Oh and In So Kweon",
"401","Gi-Cheon Kang, Jaeseo Lim and Byoung-Tak Zhang",
"942","Jack Hessel, Lillian Lee and David Mimno",
"996","Md Kamrul Hasan, Wasifur Rahman, AmirAli Bagher Zadeh, Jianyuan Zhong, Md Iftekhar Tanveer, Louis-Philippe Morency and Mohammed (Ehsan) Hoque",
"1923","Nikos Papasarantopoulos, Lea Frermann, Mirella Lapata and Shay B. Cohen",
"2097","Xinyu Xiao, Lingfeng Wang, Bin Fan, Shinming Xiang and Chunhong Pan",
"2414","Libo Qin, Wanxiang Che, Yangming Li, Haoyang Wen and Ting Liu",
"2718","Thierry Deruyttere, Simon Vandenhende, Dusan Grujicic, Luc Van Gool and Marie-Francine Moens",
"2739","Dimitrina Zlatkova, Preslav Nakov and Ivan Koychev",
"2766","Weike Jin, Zhou Zhao, Mao Gu, Jun Xiao, Furu Wei and Yueting Zhuang",
"2884","Alane Suhr, Claudia Yan, Jack Schluger, Stanley Yu, Hadi Khader, Marwa Mouallem, Iris Zhang and Yoav Artzi",
"3099","Chris Alberti, Jeffrey Ling, Michael Collins and David Reitter",
"3260","Ming Jiang, Qiuyuan Huang, Lei Zhang, Xin Wang, Pengchuan Zhang, Zhe Gan, Jana Diesner and Jianfeng Gao",
"DEMO-38","Eugene Kharitonov, Rahma Chaabouni, Diane Bouchacourt, and Marco Baroni",
"DEMO-43","Yuanfeng Song, Di Jiang, Weiwei Zhao, Qian Xu, Raymond Chi-Wing Wong, and Qiang Yang",
"DEMO-60","Youngsoo Jang, Jongmin Lee, Jaeyoung Park, Kyeng-Hun Lee, Pierre Lison, and Kee-Eung Kim",
"DEMO-67","Matthew Henderson, Ivan Vuli´c, Iñigo Casanueva, Paweł Budzianowski, Daniela Gerz, Sam Coope,Georgios Spithourakis, Tsung-Hsien Wen, Nikola Mrkši´c, and Pei-Hao Su",
"DEMO-71","Edward Collins, Nikolai Rozanov, and Bingbing Zhang",
"DEMO-88","Arushi Raghuvanshi, Vijay Ramakrishnan, Varsha Embar, Lucien Carroll, and Karthik Raghunathan",
"DEMO-103","Dian Yu, Michelle Cohn, Yi Mang Yang, Chun Yen Chen, Weiming Wen, Jiaping Zhang, MingyangZhou, Kevin Jesse, Austin Chau, Antara Bhowmick, Shreenath Iyer, Giritheja Sreenivasulu, SamDavidson, Ashwin Bhandare, and Zhou Yu",
"DEMO-115","Denis Newman-Griffis and Eric Fosler-Lussier",
"1515","Eric Wallace, Shi Feng, Nikhil Kandpal, Matt Gardner and Sameer Singh",
"2756","Hady Elsahar and Matthias Gallé",
"2900","Gonçalo M. Correia, Vlad Niculae and André F. T. Martins",
"3277","Jesse Dodge, Suchin Gururangan, Dallas Card, Roy Schwartz and Noah A. Smith",
"3999","Akshay Srivatsan, Jonathan Barron, Dan Klein and Taylor Berg-Kirkpatrick",
"1735","Edoardo Maria Ponti, Ivan Vulić, Goran Glavaš, Roi Reichart and Anna Korhonen",
"2670","Verna Dankers, Marek Rei, Martha Lewis and Ekaterina Shutova",
"3460","Alexis Ross and Ellie Pavlick",
"3515","Arya D. McCarthy, Winston Wu, Aaron Mueller, William Watson and David Yarowsky",
"1314","Longxiang Shen, Bowei Zou, Yu Hong, Guodong Zhou, Qiaoming Zhu and AiTi Aw",
"1792","Han Cheol Moon, Tasnim Mohiuddin, Shafiq Joty and Chi Xu",
"2642","Byungkook Oh, Seungmin Seo, Cheolheon Shin, Eunju Jo and Kyong-Ho Lee",
"4060","Amandla Mabona, Laura Rimell, Stephen Clark and Andreas Vlachos",
"2453","Sonia Badene, Kate Thompson, Jean-Pierre Lorré and Nicholas Asher",
"2625","Patrick Huber and Giuseppe Carenini",
"2233","Cornelia Caragea, Ana Uban and Liviu P. Dinu",
"2653","Yingchi Liu, Quanzhi Li, Marika Cifor, Xiaozhong Liu, Qiong Zhang and Luo Si",
"2864","Ananth Balashankar, Sunandan Chakraborty, Samuel Fraiberger and Lakshminarayanan Subramanian",
"3011","Sepideh Mesbah, Jie Yang, Robert-Jan Sips, Manuel Valle Torre, Christoph Lofi, Alessandro Bozzon and Geert-Jan Houben",
"3160","Ahmadreza Mosallanezhad, Ghazaleh Beigi and Huan Liu",
"56","Qianying Liu, Wenyv Guan, Sujian Li and Daisuke Kawahara",
"86","Haitian Sun, Tania Bedrax-Weiss and William Cohen",
"107","Lifu Huang, Ronan Le Bras, Chandra Bhagavatula and Yejin Choi",
"179","Ethan Perez, Siddharth Karamcheti, Rob Fergus, Jason Weston, Douwe Kiela and Kyunghyun Cho",
"468","Yanfu Xu, Zheng Lin, Yuanxin Liu, Rui Liu, Weiping Wang and Dan Meng",
"618","Katsuhiko Hayashi and Masashi Shimbo",
"807","Cao Liu, Kang Liu, Shizhu He, Zaiqing Nie and Jun Zhao",
"924","Tao Shen, Xiubo Geng, Tao QIN, Daya Guo, Duyu Tang, Nan Duan, Guodong Long and Daxin Jiang",
"1930","Yimin Jing, Deyi Xiong and Zhen Yan",
"2085","Fabio Petroni, Tim Rocktäschel, Sebastian Riedel, Patrick Lewis, Anton Bakhtin, Yuxiang Wu and Alexander Miller",
"2237","Qiu Ran, Yankai Lin, Peng Li, Jie Zhou and Zhiyuan Liu",
"2277","Haoyang Huang, Yaobo Liang, Nan Duan, Ming Gong, Linjun Shou, Daxin Jiang and Ming Zhou",
"2390","Shiyue Zhang and Mohit Bansal",
"2764","Huazheng Wang, Zhe Gan, Xiaodong Liu, Jingjing Liu, Jianfeng Gao and Hongning Wang",
"2820","Bin Bi, Chen Wu, Ming Yan, Wei Wang, Jiangnan Xia and Chenliang Li",
"2825","George Sebastian Pirtoaca, Traian Rebedea and Stefan Ruseti",
"2940","Todor Mihaylov and Anette Frank",
"2945","Yixin Nie, Songhe Wang and Mohit Bansal",
"2978","Qiao Jin, Bhuwan Dhingra, Zhengping Liu, William Cohen and Xinghua Lu",
"3164","Vikas Yadav, Steven Bethard and Mihai Surdeanu",
"3417","Peng Qi, Xiaowen Lin, Leo Mehr, Zijian Wang and Christopher D. Manning",
"3489","Fuxiang Chen, Seung-won Hwang, Jaegul Choo, Jung-Woo Ha and Sunghun Kim",
"4004","Jiwei Ding, Wei Hu, Qixin Xu and Yuzhong Qu",
"147","Heng Wang, Shuangyin Li, Rong Pan and Mingzhi Mao",
"493","Jizhi Tang, Yansong Feng and Dongyan Zhao",
"709","Ruiping Li and Xiang Cheng",
"829","Mingtong Liu, Yujie Zhang, Jinan Xu and Yufeng Chen",
"972","Yao Zhu, Hongzhi Liu, Zhonghai Wu, Yang Song and Tao Zhang",
"1018","Cong Fu, Tong Chen, Meng Qu, Woojeong Jin and Xiang Ren",
"1444","Li Du, Xiao Ding, Ting Liu and Zhongyang Li",
"2257","Di Liang, Fubao Zhang, Qi Zhang and Xuanjing Huang",
"2830","Steven Y. Feng, Aaron W. Li and Jesse Hoey",
"3550","Su Wang, Greg Durrett and Katrin Erk",
"3819","Chengjiang Li, Yixin Cao, Lei Hou, Jiaxin Shi, Juanzi Li and Tat-Seng Chua",
"DEMO-57","Bo An, Chen Bo, Xianpei Han, and Le Sun",
"DEMO-66","vishwajeet kumar, Sivaanandh Muneeswaran, Ganesh Ramakrishnan, and Yuan-Fang Li",
"DEMO-37","Rishav Chakravarti, Cezar Pendus, Andrzej Sakrajda, Anthony Ferritto, Lin Pan, Michael Glass,Vittorio Castelli, J William Murdock, Radu Florian, Salim Roukos, and Avi Sil",
"DEMO-48","Oren Pereg, Daniel Korat, Moshe Wasserblat, Jonathan Mamou, and Ido Dagan",
"DEMO-86","Seungwhan Moon, Pararth Shah, Rajen Subba, and Anuj Kumar",
"4063","John Hewitt and Percy Liang",
"1357","Xiang Lisa Li and Jason Eisner",
"2799","Artur Kulmizev, Miryam de Lhoneux, Johannes Gontrum, Elena Fano and Joakim Nivre",
"2863","Federico Fancellu, Sorcha Gilroy, Adam Lopez and Mirella Lapata",
"1221","Dan Kondratyuk and Milan Straka",
"1367","Xingdi Yuan, Marc-Alexandre Côté, Jie Fu, Zhouhan Lin, Chris Pal, Yoshua Bengio and Adam Trischler",
"3238","Tushar Khot, Ashish Sabharwal and Peter Clark",
"436","Bill Yuchen Lin, Xinyue Chen, Jamin Chen and Xiang Ren",
"3518","Kyungjae Lee, Sunghyun Park, Hojae Han, Jinyoung Yeo, Seung-won Hwang and Juho Lee",
"3778","Sewon Min, Danqi Chen, Hannaneh Hajishirzi and Luke Zettlemoyer",
"2585","Sandro Pezzelle and Raquel Fernández",
"3650","Alex Warstadt, Yu Cao, Ioana Grosu, Wei Peng, Hagen Blix, Yining Nie, Anna Alsop, Shikha Bordia, Haokun Liu, Alicia Parrish, Sheng-Fu Wang, Jason Phang, Anhad Mohananey, Phu Mon Htut, Paloma Jeretic and Samuel R. Bowman",
"3929","Aixiu AN, Peng Qian, Ethan Wilcox and Roger Levy",
"1745","Edoardo Maria Ponti, Ivan Vulić, Ryan Cotterell, Roi Reichart and Anna Korhonen",
"TACL-1710","Alex Warstadt, Amanpreet Singh and Samuel R. Bowman",
"2089","David Atkinson, Kumar Bhargav Srinivasan and Chenhao Tan",
"2267","Yamen Ajjour, Milad Alshomary, Henning Wachsmuth and Benno Stein",
"3321","Tuhin Chakrabarty, Christopher Hidey, Smaranda Muresan, Kathy McKeown and Alyssa Hwang",
"427","James Thorne, Andreas Vlachos, Christos Christodoulopoulos and Arpit Mittal",
"564","Wonsuk Yang, seungwon yoon, Ada Carpenter and Jong Park",
"723","Prathyusha Jwalapuram, Shafiq Joty, Irina Temnikova and Preslav Nakov",
"2916","Zeyu Dai and Ruihong Huang",
"3994","Chikara Hashimoto",
"210","Junjie Li, Xuepeng Wang, Dawei Yin and Chengqing Zong",
"268","Wen Xiao and Giuseppe Carenini",
"313","Shuang Chen, Jinpeng Wang, Xiaocheng Feng, Feng Jiang, Bing Qin and Chin-Yew Lin",
"346","Ling Luo, Xiang Ao, Yan Song, Feiyang Pan, Min Yang and Qing He",
"361","Xiangyu Duan, Hongfei Yu, Mingming Yin, Min Zhang, Weihua Luo and Yue Zhang",
"703","Junnan Zhu, Qian Wang, Yining Wang, Yu Zhou, Jiajun Zhang, Shaonan Wang and Chengqing Zong",
"749","Peng Xu, Chien-Sheng Wu, Andrea Madotto and Pascale Fung",
"845","Wenbo Wang, Yang Gao, Heyan Huang and Yuxiang Zhou",
"1139","Anastasia Shimorina and Claire Gardent",
"1169","Zhijing Jin, Di Jin, Jonas Mueller, Nicholas Matthews and Enrico Santus",
"1191","Florian Böhm, Yang Gao, Christian M. Meyer, Ori Shapira, Ido Dagan and Iryna Gurevych",
"1369","Jaemin Cho, Minjoon Seo and Hannaneh Hajishirzi",
"1375","Qian Yang, zhouyuan huo, Dinghan Shen, Yong Cheng, Wenlin Wang, Guoyin Wang and Lawrence Carin",
"1726","Heng Gong, Xiaocheng Feng, Bing Qin and Ting Liu",
"1779","Xin Zheng, Aixin Sun, Jing Li and Karthik Muthuswamy",
"1805","Meng Cao and Jackie Chi Kit Cheung",
"1834","Lihua Qian, Lin Qiu, Weinan Zhang, Xin Jiang and Yong Yu",
"1852","Leonardo F. R. Ribeiro, Claire Gardent and Iryna Gurevych",
"1881","Toru Nishino, Shotaro Misawa, Ryuji Kano, Tomoki Taniguchi, Yasuhide Miura and Tomoko Ohkuma",
"2031","Ryo Nagata",
"2033","Jingjing Li, Yifan Gao, Lidong Bing, Irwin King and Michael R. Lyu",
"2121","Julia Ive, Pranava Madhyastha and Lucia Specia",
"2412","Pan Li and Alexander Tuzhilin",
"2604","Thomas Scialom, Sylvain Lamprier, Benjamin Piwowarski and Jacopo Staiano",
"2746","Zhihong Shao, Minlie Huang, Jiangtao Wen, Wenfei Xu and xiaoyan zhu",
"2932","Akhilesh Sudhakar, Bhargav Upadhyay and Arjun Maheswaran",
"3275","Eva Sharma, Luyang Huang, Zhe Hu and Lu Wang",
"3334","Jiacheng Xu and Greg Durrett",
"3511","Dianqi Li, Yizhe Zhang, Zhe Gan, Yu Cheng, Chris Brockett, Bill Dolan and Ming-Ting Sun",
"3754","Preksha Nema, Akash Kumar Mohankumar, Mitesh M. Khapra, Balaji Vasan Srinivasan and Balaraman Ravindran",
"3846","Taehee Jung, Dongyeop Kang, Lucas Mentch and Eduard Hovy",
"DEMO-5","Changhan Wang, Anirudh Jain, Danlu Chen, and Jiatao Gu",
"DEMO-36","Jonas Pfeiffer, Christian M. Meyer, Claudia Schulz, Jan Kiesewetter, Jan Zottmann, Michael Sailer,Elisabeth Bauer, Frank Fischer, Martin R. Fischer, and Iryna Gurevych",
"DEMO-74","Shai Erera, Michal Shmueli-Scheuer, Guy Feigenblat, Ora Peled Nakash, Odellia Boni, Haggai Roitman,Doron Cohen, Bar Weiner, Yosi Mass, Or Rivlin, Guy Lev, Achiya Jerbi, Jonathan Herzig,Yufang Hou, Charles Jochim, Martin Gleize, Francesca Bonin, Francesca Bonin, and David Konopnicki",
"DEMO-94","Fernando Alva-Manchego, Louis Martin, Carolina Scarton, and Lucia Specia",
"DEMO-109","Qiongkai Xu, Chenchen Xu, and Lizhen Qu",
"1131","Yova Kementchedjhieva, Mareike Hartmann and Anders Søgaard",
"1266","Katharina Kann, Kyunghyun Cho and Samuel R. Bowman",
"1478","Yining Wang, Jiajun Zhang, Long Zhou, Yuchen Liu and Chengqing Zong",
"1868","Felix Stahlberg and Bill Byrne",
"2533","Ben Zhou, Daniel Khashabi, Qiang Ning and Dan Roth",
"2798","Yi-Ting Yeh and Yun-Nung Chen",
"329","Xin Lv, Yuxian Gu, Xu Han, Lei Hou, Juanzi Li and Zhiyuan Liu",
"586","Paul Trichelair, Ali Emami, Adam Trischler, Kaheer Suleman and Jackie Chi Kit Cheung",
"267","Fuli Luo, Shunyao Li, Pengcheng Yang, Lei Li, Baobao Chang, Zhifang Sui and Xu SUN",
"3820","Wenjie Zhou, Minghua Zhang and Yunfang Wu",
"3506","Florian Schmidt, Stephan Mandt and Thomas Hofmann",
"3874","Emily Sheng, Kai-Wei Chang, Premkumar Natarajan and Nanyun Peng",
"2984","Sandeep Suntwal, Mithun Paul, Rebecca Sharp and Mihai Surdeanu",
"3338","Tal Schuster, Darsh Shah, Yun Jie Serene Yeo, Daniel Roberto Filizzola Ortiz, Enrico Santus and Regina Barzilay",
"911","Xingwei Tan, Yi Cai and Changxi Zhu",
"1395","Jin Wang, Liang-Chih Yu, K. Robert Lai and Xuejie Zhang",
"542","Muyao Niu and Jie Cai",
"573","Lianzhe Huang, Dehong Ma, Sujian Li, Xiaodong Zhang and Houfeng WANG",
"875","Ahmed Sabir, Francesc Moreno and Lluís Padró",
"1306","Hwiyeol Jo and Ceyda Cinarel",
"1342","Carlos Soto and Shinjae Yoo",
"1562","Linzi Xing, Michael J. Paul and Giuseppe Carenini",
"2494","Lin Gui, Jia Leng, Gabriele Pergola, yu zhou, Ruifeng Xu and Yulan He",
"2705","Alison Sneyd and Mark Stevenson",
"3533","Zeynep Akkalyoncu Yilmaz, Wei Yang, Haotian Zhang and Jimmy Lin",
"4151","Constantine Lignos, Daniel Cohen, Yen-Chieh Lien, Pratik Mehta, W. Bruce Croft and Scott Miller",
"170","Kawin Ethayarajh",
"362","Luyao Huang, Chi Sun, Xipeng Qiu and Xuanjing Huang",
"670","Haoyan Liu, Lei Fang, Qian Liu, Bei Chen, Jian-Guang LOU and Zhoujun Li",
"1461","Koki Washio, Satoshi Sekine and Tsuneaki Kato",
"1615","Kang Min Yoo, Taeuk Kim and Sang-goo Lee",
"2219","Marco Maru, Federico Scozzafava, Federico Martelli and Roberto Navigli",
"2419","Genta Indra Winata, Zhaojiang Lin, Jamin Shin, Zihan Liu and Pascale Fung",
"327","Baiyun Cui, Yingming Li, Ming Chen and Zhongfei Zhang",
"806","Lukas Lange, Michael A. Hedderich and Dietrich Klakow",
"819","Hagai Taitelbaum, Gal Chechik and Jacob Goldberger",
"1063","Ming Tan, Yang Yu, Haoyu Wang, Dakuo Wang, Saloni Potdar, Shiyu Chang and Mo Yu",
"1877","Yunli Wang, Yu Wu, Lili Mou, Zhoujun Li and Wenhan Chao",
"1925","Chih-Te Lai, Yi-Te Hong, Hong-You Chen, Chi-Jen Lu and Shou-De Lin",
"2104","Yufan Jiang, Chi Hu, Tong Xiao, Chunliang Zhang and Jingbo Zhu",
"2696","Esma Balkir, Masha Naslidnyk, Dave Palfrey and Arpit Mittal",
"2741","Yu Wang",
"3040","Bohan Li, Junxian He, Graham Neubig, Taylor Berg-Kirkpatrick and Yiming Yang",
"3115","Iz Beltagy, Kyle Lo and Arman Cohan",
"3265","Orion Weller and Kevin Seppi",
"3585","Alham Fikri Aji, Kenneth Heafield and Nikolay Bogoychev",
"3631","Henry Tsai, Jason Riesa, Melvin Johnson, Naveen Arivazhagan, Xin Li and Amelia Archer",
"3776","Zijian Zhao, Su Zhu and Kai Yu",
"4026","Hao Peng, Roy Schwartz and Noah A. Smith",
"1593","Qingkai Min, Yuefeng Shi and Yue Zhang",
"1616","Ben Bogin, Matt Gardner and Jonathan Berant",
"1712","Hiroki Ouchi, Jun Suzuki and Kentaro Inui",
"2287","Nada Almarwani, Hanan Aldarmaki and Mona Diab",
"2393","Kurt Junshean Espinosa, Makoto Miwa and Sophia Ananiadou",
"3233","Yinfei Yang, Yuan Zhang, Chris Tar and Jason Baldridge",
"3887","Arman Cohan, Iz Beltagy, Daniel King, Bhavana Dalvi and Dan Weld",
"2402","Laura Harding Graesser, Kyunghyun Cho and Douwe Kiela",
"1526","Zijian Wang and Christopher Potts",
"1178","Daniel Deutsch and Dan Roth",
"392","Yang Liu and Mirella Lapata",
"609","Shen Gao, Xiuying Chen, Piji Li, Zhangming Chan, Dongyan Zhao and Rui Yan",
"3219","Peter West, Ari Holtzman, Jan Buys and Yejin Choi",
"3043","Xiaoyu Shen, Yang Zhao, Hui Su and Dietrich Klakow",
"2676","Bailin Wang, Ivan Titov and Mirella Lapata",
"263","Sheng Zhang, Xutai Ma, Kevin Duh and Benjamin Van Durme",
"1544","Deng Cai and Wai Lam",
"2904","Jonathan Herzig and Jonathan Berant",
"TACL-1742","Mikel Artetxe and Holger Schwenk",
"337","Linmei Hu, Luhao Zhang, Chuan Shi, Liqiang Nie, Weili Guan and Cheng Yang",
"566","Dianbo Sui, Yubo Chen, Kang Liu, Jun Zhao and Shengping Liu",
"1057","Qinyuan Ye, Liyuan Liu, Maosen Zhang and Xiang Ren",
"1640","Shuai Ma, Gang Wang, Yansong Feng and Jinpeng Huai",
"2509","Zhanming Jie and Wei Lu",
"1036","Dor Ringel, Gal Lavee, Ido Guy and Kira Radinsky",
"1190","Oren Melamud, Mihaela Bornea and Ken Barker",
"3202","Zornitsa Kozareva and Sujith Ravi",
"3562","Ruiying Geng, Binhua Li, Yongbin Li, Xiaodan Zhu, Ping Jian and Jian Sun",
"2899","Wenpeng Yin, Jamaal Hay and Dan Roth",
"6","Tao Li, Vivek Gupta, Maitrey Mehta and Vivek Srikumar",
"109","Alexey Tikhonov, Viacheslav Shibaev, Aleksander Nagaev, Aigul Nugmanova and Ivan P. Yamshchikov",
"161","Le Fang, Chunyuan Li, Jianfeng Gao, Wen Dong and Changyou Chen",
"200","Zhenjie Zhao and Xiaojuan Ma",
"247","Cristina Garbacea, Samuel Carton, Shiyan Yan and Qiaozhu Mei",
"373","Nils Reimers and Iryna Gurevych",
"399","Nontawat Charoenphakdee, Jongyeong Lee, Yiping Jin, Dittaya Wanvarie and Masashi Sugiyama",
"592","Liang Wang, Wei Zhao, Ruoyu Jia, Sujian Li and Jingming Liu",
"686","Hugh Perkins and Yi Yang",
"718","Sahil Garg, Aram Galstyan, Greg Ver Steeg and Guillermo Cecchi",
"888","Danilo Croce, Daniele Rossini and Roberto Basili",
"1060","Dong Qian and William K. Cheung",
"1286","Ameya Prabhu, Charles Dognin and Maneesh Singh",
"1321","Christopher Clark, Mark Yatskar and Luke Zettlemoyer",
"1360","Po-Sen Huang, Robert Stanforth, Johannes Welbl, Chris Dyer, Dani Yogatama, Sven Gowal, Krishnamurthy Dvijotham and Pushmeet Kohli",
"1422","Mo Yu, Shiyu Chang, Yang Zhang and Tommi Jaakkola",
"1435","Matthieu Labeau and Shay B. Cohen",
"1590","Leyang Cui and Yue Zhang",
"1709","Robin Jia, Aditi Raghunathan, Kerem Göksel and Percy Liang",
"1846","Yaru Hao, Li Dong, Furu Wei and Ke Xu",
"2147","Sachin Kumar, Shuly Wintner, Noah A. Smith and Yulia Tsvetkov",
"2168","Shashank Srivastava, Igor Labutov and Tom Mitchell",
"2270","Hila Gonen and Yoav Goldberg",
"2394","Angela Fan, Claire Gardent, Chloé Braud and Antoine Bordes",
"2441","Huiyun Yang, Shujian Huang, XIN-YU DAI and Jiajun CHEN",
"2477","Lijun Wu, Yiren Wang, Yingce Xia, Tao QIN, Jianhuang Lai and Tie-Yan Liu",
"2554","Mingyang Chen, Wen Zhang, Wei Zhang, Qiang Chen and Huajun Chen",
"2660","Yonatan Oren, Shiori Sagawa, Tatsunori Hashimoto and Percy Liang",
"2686","Xiaochuang Han and Jacob Eisenstein",
"2706","John P. Lalor, Hao Wu and Hong Yu",
"2716","Abhijeet Awasthi, Sunita Sarawagi, Rasna Goyal, Sabyasachi Ghosh and Vihari Piratla",
"2882","Pei Ke, Fei Huang, Minlie Huang and xiaoyan zhu",
"2905","Xuezhe Ma, Chunting Zhou, Xian Li, Graham Neubig and Eduard Hovy",
"3039","Yuanpeng Li, Liang Zhao, Jianyu Wang and Joel Hestness",
"3089","Vid Kocijan, Oana-Maria Camburu, Ana-Maria Cretu, Yordan Yordanov, Phil Blunsom and Thomas Lukasiewicz",
"3146","Armins Stepanjans and André Freitas",
"3194","Siqi Sun, Yu Cheng, Zhe Gan and Jingjing Liu",
"3254","Prince Zizhuang Wang and William Yang Wang",
"3261","Yao-Hung Hubert Tsai, Shaojie Bai, Makoto Yamada, Louis-Philippe Morency and Ruslan Salakhutdinov",
"3478","Jiawei Wu, Wenhan Xiong and William Yang Wang",
"3494","Olga Kovaleva, Alexey Romanov, Anna Rogers and Anna Rumshisky",
"4149","Lijun Wu, Jinhua Zhu, Di He, Fei Gao, Tao QIN, Jianhuang Lai and Tie-Yan Liu",
"2201","Jason Lee, Kyunghyun Cho and Douwe Kiela",
"2415","Elena Voita, Rico Sennrich and Ivan Titov",
"DEMO-41","Ming Gong, Linjun Shou, Wutao Lin, Zhijie Sang, Quanjia Yan, Ze Yang, Feixiang Cheng, andDaxin Jiang",
"DEMO-42","Liang-Hsin Shen, Pei-Lun Tai, Chao-Chung Wu, and Shou-De Lin",
"DEMO-44","Eric Wallace, Jens Tuyls, Junlin Wang, Sanjay Subramanian, Matt Gardner, and Sameer Singh",
"DEMO-54","Zhe Zhao, Hui Chen, Jinbin Zhang, Xin Zhao, Tao Liu, Wei Lu, Xi Chen, Haotang Deng, Qi Ju, andXiaoyong Du",
"DEMO-85","Thomas Searle, Zeljko Kraljevic, Rebecca Bendayan, Daniel Bean, and Richard Dobson",
"2459","Ivan Vulić, Goran Glavaš, Roi Reichart and Anna Korhonen",
"2491","Haozhou Wang, James Henderson and Paola Merlo",
"3541","Hsiu-Wei Yang, Yanyan Zou, Peng Shi, Wei Lu, Jimmy Lin and Xu SUN",
"2498","Mitra Mohtarami, James Glass and Preslav Nakov",
"422","Sarthak Garg, Stephan Peitz, Udhyakumar Nallasamy and Matthias Paulik",
"1334","Maarten Sap, Hannah Rashkin, Derek Chen, Ronan Le Bras and Yejin Choi",
"2866","Yichen Jiang and Mohit Bansal",
"1413","Atticus Geiger, Ignacio Cases, Lauri Karttunen and Christopher Potts",
"3279","Bhavana Dalvi, Niket Tandon, Antoine Bosselut, Wen-tau Yih and Peter Clark",
"3183","Koustuv Sinha, Shagun Sodhani, Jin Dong, Joelle Pineau and William L. Hamilton",
"510","Bill Byrne, Karthik Krishnamoorthi, Chinnadhurai Sankar, Arvind Neelakantan, Ben Goodrich, Daniel Duckworth, Semih Yavuz, Amit Dubey, Kyu-Young Kim and Andy Cedilnik",
"1564","Denis Peskov, Nancy Clarke, Jason Krone, Brigi Fodor, Yi Zhang, Adel Youssef and Mona Diab",
"1186","Emily Dinan, Samuel Humeau, Bharath Chintagunta and Jason Weston",
"1853","Jun Quan, Deyi Xiong, Bonnie Webber and Changjian Hu",
"496","Zehao Lin, Xinjing Huang, Feng Ji, Haiqing Chen and Yin Zhang",
"381","Chen Zhang, Qiuchi Li and Dawei Song",
"1988","Ming Liao, Jing Li, Haisong Zhang, Lingzhi Wang, Xixin Wu and Kam-Fai Wong",
"65","Zheng Li, Xin Li, Ying Wei, Lidong Bing, Yu Zhang and Qiang Yang",
"1995","Mengting Hu, Shiwan Zhao, Li Zhang, Keke Cai, Zhong Su, Renhong Cheng and Xiaowei Shen",
"3207","Giannis Karamanolakis, Daniel Hsu and Luis Gravano",
"52","Julia Kruk, Jonah Lubin, Karan Sikka, Xiao Lin, Dan Jurafsky and Ajay Divakaran",
"705","Xingshan Zeng, Jing Li, Lu Wang and Kam-Fai Wong",
"720","Lianwei Wu, Yuan Rao, Haolin Jin, Ambreen Nazir and Ling Sun",
"965","Jing Yi Xie, Renato Ferreira Pinto Junior, Graeme Hirst and Yang Xu",
"1439","Bei Yu, Yingya Li and Jun Wang",
"1468","Nedjma Ousidhoum, Zizheng Lin, Hongming Zhang, Yangqiu Song and Dit-Yan Yeung",
"1969","Isabelle Augenstein, Christina Lioma, Dongsheng Wang, Lucas Chaves Lima, Casper Hansen, Christian Hansen and Jakob Grue Simonsen",
"2006","Zenan Xu, Qinliang Su, Xiaojun Quan and Weijia Zhang",
"2186","Marco Del Tredici, Diego Marcheggiani, Sabine Schulte im Walde and Raquel Fernández",
"2606","Shrey Desai, Barea Sinno, Alex Rosenfeld and Junyi Jessy Li",
"2659","Graham Horwood, Ning Yu, Thomas Boggs, Changjiang Yang and Chad Holvenstot",
"2693","Binxuan Huang and Kathleen Carley",
"2828","Jonathan P. Chang and Cristian Danescu-Niculescu-Mizil",
"3391","Jing Qian, Anna Bethke, Yinyin Liu, Elizabeth Belding and William Yang Wang",
"3461","Ruiqi Zhong, Yanda Chen, Desmond Patton, Charlotte Selous and Kathy McKeown",
"3566","Ella Rabinovich, Masih Sultani and Suzanne Stevenson",
"3592","Penghui Wei, Nan Xu and Wenji Mao",
"TACL-1639","Kelvin Luu, Chenhao Tan and Noah A. Smith",
"142","Han Liu, Xiaotong Zhang, Lu Fan, Xuandi Fu, Qimai Li, Xiao-Ming Wu and Albert Y.S. Lam",
"239","Shuqing Bian, Wayne Xin Zhao, Yang Song, Tao Zhang and Ji-Rong Wen",
"299","Hu Linmei, Tianchi Yang, Chuan Shi, Houye Ji and Xiaoli Li",
"438","Elissa Redmiles, Lisa Maszkiewicz, Emily Hwang, Dhruv Kuchhal, Everest Liu, Miraida Morales, Denis Peskov, Sudha Rao, Rock Stevens, Kristina Gligorić, Sean Kross, Michelle Mazurek and Hal Daumé III",
"473","Ye Ma, Lu Zong, Yikang Yang and Jionglong Su",
"732","Sian Gooding and Ekaterina Kochmar",
"1103","Sara Rosenthal, Ken Barker and Zhicheng Liang",
"1459","Chuhan Wu, Fangzhao Wu, Mingxiao An, Tao Qi, Jianqiang Huang, Yongfeng Huang and Xing Xie",
"1470","Chuhan Wu, Fangzhao Wu, Tao Qi, Suyu Ge, Yongfeng Huang and Xing Xie",
"1551","Xiao Ding, Kuo Liao, Ting Liu, Zhongyang Li and Junwen Duan",
"1572","Yichao Zhou, Jyun-Yu Jiang, Kai-Wei Chang and Wei Wang",
"1661","Siqing Li, Wayne Xin Zhao, Eddy Jing Yin and Ji-Rong Wen",
"2044","Fenia Christopoulou, Makoto Miwa and Sophia Ananiadou",
"2052","Mingyue Shang, Piji Li, Zhenxin Fu, Lidong Bing, Dongyan Zhao, Shuming Shi and Rui Yan",
"2129","Abhilasha Ravichander, Alan W Black, Shomir Wilson, Thomas Norton and Norman Sadeh",
"2381","Zhangming Chan, Xiuying Chen, Yongliang Wang, Juntao Li, Zhiqiang Zhang, Kun Gai, Dongyan Zhao and Rui Yan",
"2389","Hailong Jin, Lei Hou, Juanzi Li and Tiansi Dong",
"2942","Nan Du, Mingqiu Wang, Linh Tran, Gang Lee and Izhak Shafran",
"3072","Moontae Lee, Sungjun Cho, David Bindel and David Mimno",
"3128","Xuchao Zhang, Dheeraj Rajagopal, Michael Gamon, Sujay Kumar Jauhar and ChangTien Lu",
"3218","Prabhu Kaliamoorthi, Sujith Ravi and Zornitsa Kozareva",
"3873","Gyuwan Kim",
"4069","Xinzhu Lin, Xiahui He, Qin Chen, Huaixiao Tou, Zhongyu Wei and Ting Chen",
"DEMO-39","Masato Hagiwara, Takumi Ito, Tatsuki Kuribayashi, Jun Suzuki, and Kentaro Inui",
"DEMO-89","Twin Karmakharm, Nikolaos Aletras, and Kalina Bontcheva",
"DEMO-98","Lan Jiang, Shuhan Hu, Mingyu Huang, Zhichun Wang, Jinjian Yang, Xiaoju Ye, and Wei Zheng",
"DEMO-105","Thomas J. Bolt, Jeffrey H. Flynt, Pramit Chaudhuri, and Joseph P. Dexter",
"DEMO-114","Yifan Zhang, Giovanni Da San Martino, Alberto Barrón-Cedeño, Salvatore Romeo, Jisun An, HaewoonKwak, Todor Staykovski, Israa Jaradat, Georgi Karadzhov, Ramy Baly, Kareem Darwish, JamesGlass, and Preslav Nakov",
"DEMO-112","Chen Xia, Haoxiang Zhang, Jacob Moghtader, Allen Wu, and Kai-Wei Chang",
"3328","Lianhui Qin, Antoine Bosselut, Ari Holtzman, Chandra Bhagavatula, Elizabeth Clark and Yejin Choi",
"2395","Eric Malmi, Sebastian Krause, Sascha Rothe, Daniil Mirylenka and Aliaksei Severyn",
"128","Weichao Wang, Shi Feng, Daling Wang and Yifei Zhang",
"1947","Ze Yang, Can Xu, wei wu and zhoujun li",
"2822","hongyin tang, Miao Li and Beihong Jin",
"3048","Hao Tan and Mohit Bansal",
"3765","Jiacheng Liu and Julia Hockenmaier",
"549","Xintong Yu, Hongming Zhang, Yangqiu Song, Yan Song and Changshui Zhang",
"122","Weiying Wang, Yongcheng Wang, Shizhe Chen and Qin Jin",
"167","Chujie Lu, Long Chen, Chilie Tan, Xiaolin Li and Jun Xiao",
"2712","Zihan Wang, Jingbo Shang, Liyuan Liu, Lihao Lu, Jiacheng Liu and Jiawei Han",
"3259","Aditi Chaudhary, Jiateng Xie, Zaid Sheikh, Graham Neubig and Jaime Carbonell",
"1119","Lee Xiong, Chuan Hu, Chenyan Xiong, Daniel Campos and Arnold Overwijk",
"990","Ivana Balazevic, Carl Allen and Timothy Hospedales",
"TACL-1712","Yumo Xu and Mirella Lapata",
"425","Piyawat Lertvittayakumjorn and Francesca Toni",
"793","He Zhao, Zhunchen Luo, Chong Feng, Anqing Zheng and Xiaopeng Liu",
"28","Paarth Neekhara, Shehzeen Hussain, Shlomo Dubnov and Farinaz Koushanfar",
"1676","Wei Dong, Qinliang Su, Dinghan Shen and Changyou Chen",
"3421","Shulong Tan, Zhixin Zhou, Zhaozhuo Xu and Ping Li",
"623","Hongming Zhang, Jiaxin Bai, Yan Song, Kun Xu, Changlong Yu, Yangqiu Song, Wilfred Ng and Dong Yu",
"700","Yukun Ma, Patrick H. Chen and Cho-Jui Hsieh",
"1220","Rowan Hall Maudslay, Hila Gonen, Ryan Cotterell and Simone Teufel",
"1741","Pei Zhou, Weijia Shi, Jieyu Zhao, Kuan-Hao Huang, Muhao Chen, Ryan Cotterell and Kai-Wei Chang",
"3071","Yogarshi Vyas and Marine Carpuat",
"3702","Christian Hadiwinoto, Hwee Tou Ng and Wee Chung Gan",
"3972","Eric Wallace, Yizhong Wang, Sujian Li, Sameer Singh and Matt Gardner",
"552","Qian Liu, Bei Chen, Haoyan Liu, Jian-Guang LOU, Lei Fang, Bin Zhou and Dongmei Zhang",
"1086","Yanyan Zou and Wei Lu",
"1287","Rui Zhang, Tao Yu, Heyang Er, Sungrok Shim, Eric Xue, Xi Victoria Lin, Tianze Shi, Caiming Xiong, Richard Socher and Dragomir Radev",
"1351","Shexia He, Zuchao Li and Hai Zhao",
"1446","Alexei Baevski, Sergey Edunov, Yinhan Liu, Luke Zettlemoyer and Michael Auli",
"1558","Jinfeng Rao, Linqing Liu, Yi Tay, Wei Yang, Peng Shi and Jimmy Lin",
"1836","Qingrong Xia, Zhenghua Li and Min Zhang",
"2060","Yuki Arase and Jun'ichi Tsujii",
"2231","Zhen Dong, Shizhao Sun, Hongzhi Liu, Jian-Guang Lou and Dongmei Zhang",
"2993","Xinchi Chen, Chunchuan Lyu and Ivan Titov",
"3121","Srinivasan Iyer, Alvin Cheung and Luke Zettlemoyer",
"3451","Rajas Agashe, Srinivasan Iyer and Luke Zettlemoyer",
"3527","Ziyu Yao, Yu Su, Huan Sun and Wen-tau Yih",
"3835","Jie Zhu, Junhui Li, Muhua Zhu, Longhua Qian, Min Zhang and Guodong Zhou",
"72","Binxuan Huang and Kathleen Carley",
"281","Hao Li and Wei Lu",
"317","Chunning Du, Haifeng Sun, Jingyu Wang, Qi Qi, Jianxin Liao, Tong Xu and Ming Liu",
"402","Xiabing Zhou, Zhongqing Wang, Shoushan Li, Guodong Zhou and Min Zhang",
"475","Pengcheng Yang, Junyang Lin, Jingjing Xu, Jun Xie, Qi Su and Xu SUN",
"891","Jingjing Xu, Liang Zhao, Hanqi Yan, Qi Zeng, Yun Liang and Xu SUN",
"896","Zhe Zhang and Munindar Singh",
"936","Alexandre Garcia, Pierre Colombo, Florence d'Alché-Buc, Slim Essid and Chloé Clavel",
"1477","Prathusha K Sarma, Yingyu Liang and William Sethares",
"1691","Mengting Hu, Yike Wu, Shiwan Zhao, Honglei Guo, Renhong Cheng and Zhong Su",
"1705","Yunlong Liang, Fandong Meng, Jinchao Zhang, Jinan Xu, Yufeng Chen and Jie Zhou",
"1713","Jingjing Wang, Changlong Sun, Shoushan Li, Jiancheng Wang, Luo Si, Min Zhang, Xiaozhong Liu and Guodong Zhou",
"1840","Matan Orbach, Yonatan Bilu, Ariel Gera, Yoav Kantor, Lena Dankin, Tamar Lavee, Lili Kotlerman, Shachar Mirkin, Michal Jacovi, Ranit Aharonov and Noam Slonim",
"1992","Reinald Kim Amplayo",
"2236","Chuang Fan, Hongyu Yan, Jiachen Du, Lin Gui, Lidong Bing, Min Yang, Ruifeng Xu and Ruibin Mao",
"2447","Assaf Toledo, Shai Gretz, Edo Cohen-Karlik, Roni Friedman, Elad Venezian, Dan Lahav, Michal Jacovi, Ranit Aharonov and Noam Slonim",
"2493","Giovanni Da San Martino, Seunghak Yu, Alberto Barrón-Cedeño, Rostislav Petrov and Preslav Nakov",
"2707","Dushyant Singh Chauhan, Md Shad Akhtar, Asif Ekbal and Pushpak Bhattacharyya",
"3182","Avinash Madasu and Vijjini Anvesh Rao",
"3909","Esin Durmus, Faisal Ladhak and Claire Cardie",
"4182","Kai Sun, Richong Zhang, Samuel Mensah, Yongyi Mao and Xudong Liu",
"2192","Guanlin Li, Lemao Liu, Guoping Huang, Conghui Zhu and Tiejun Zhao",
"2869","Kyra Yee, Yann Dauphin and Michael Auli",
"745","Julian Eisenschlos, Sebastian Ruder, Piotr Czapla, Marcin Kadras, Sylvain Gugger and Jeremy Howard",
"1064","Zhuohan Li, Zi Lin, Di He, Fei Tian, Tao QIN, Liwei WANG and Tie-Yan Liu",
"3860","Adam Fisch, Jiang Guo and Regina Barzilay",
"1832","Yuxuan Wang, Wanxiang Che, Jiang Guo, Yijia Liu and Ting Liu",
"3883","Wenjuan Han, Ge Wang, Yong Jiang and Kewei Tu",
"2637","Adina Williams, Damian Blasi, Lawrence Wolf-Sonkin, Hanna Wallach and Ryan Cotterell",
"3447","Vinodkumar Prabhakaran, Ben Hutchinson and Margaret Mitchell",
"3519","Serina Chang and Kathy McKeown",
"3715","Aida Mostafazadeh Davani, Leigh Yeh, Mohammad Atari, Brendan Kennedy, Gwenyth Portillo Wightman, Elaine Gonzalez, Natalie Delong, Rhea Bhatia, Arineh Mirinjian, Xiang Ren and Morteza Dehghani",
"3493","Jun Saito, Yugo Murawaki and Sadao Kurohashi",
"835","Haoran Yan, Xiaolong Jin, Xiangbin Meng, Jiafeng Guo and Xueqi Cheng",
"1285","Simon Razniewski, Nitisha Jain, Paramita Mirza and Gerhard Weikum",
"2354","Xiaozhi Wang, Ziqi Wang, Xu Han, Zhiyuan Liu, Juanzi Li, Peng Li, Maosong Sun, Jie Zhou and Xiang Ren",
"3930","David Wadden, Ulme Wennberg, Yi Luan and Hannaneh Hajishirzi",
"982","Wei Shi and Vera Demberg",
"1701","Naoki Kobayashi, Tsutomu Hirao, Kengo Nakamura, Hidetaka Kamigaito, Manabu Okumura and Masaaki Nagata",
"3731","Mandar Joshi, Omer Levy, Luke Zettlemoyer and Daniel Weld",
"3815","Dongyeop Kang and Eduard Hovy",
"4125","Kazuma Kadowaki, Ryu Iida, Kentaro Torisawa, Jong-Hoon Oh and Julien Kloetzer",
"1181","Ji Xin, Jimmy Lin and Yaoliang Yu",
"1227","Marten van Schijndel, Aaron Mueller and Tal Linzen",
"2000","Mostafa Abdou, Artur Kulmizev, Felix Hill, Daniel M. Low and Anders Søgaard",
"2379","John Hale, Adhiguna Kuncoro, Keith Hall, Chris Dyer and Jonathan Brennan",
"2535","Steven Derby, Paul Miller and Barry Devereux",
"424","Arijit Ray, Karan Sikka, Ajay Divakaran, Stefan Lee and Giedrius Burachas",
"961","Zixian Huang, Yulin Shen, Xiao Li, Yu'ang Wei, Gong Cheng, Lin Zhou, Xinyu Dai and Yuzhong Qu",
"1069","Matthew Le, Y-Lan Boureau and Maximilian Nickel",
"1319","Zhiguo Wang, Patrick Ng, Xiaofei Ma, Ramesh Nallapati and Bing Xiang",
"2131","Yiming Cui, Ting Liu, Wanxiang Che, Li Xiao, Zhipeng Chen, Wentao Ma, Shijin Wang and Guoping Hu",
"2177","Hojae Han, Seungtaek Choi, Haeju Park and Seung-won Hwang",
"2229","Delai Qiu, Yuanzhe Zhang, Xinwei Feng, Xiangwen Liao, Wenbin Jiang, Yajuan Lyu, Kang Liu and Jun Zhao",
"2851","Thomas Mueller, Francesco Piccinno, Peter Shaw, Massimo Nicosia and Yasemin Altun",
"2859","Sawan Kumar, shweta garg, Kartik Mehta and Nikhil Rasiwasia",
"3163","Ahmed Elgohary, Denis Peskov and Jordan Boyd-Graber",
"3203","Pradeep Dasigi, Nelson F. Liu, Ana Marasovic, Noah A. Smith and Matt Gardner",
"3303","Tsung-Yuan Hsu, Chi-Liang Liu and Hung-yi Lee",
"3355","Oyvind Tafjord, Matt Gardner, Kevin Lin and Peter Clark",
"3470","Daniel Andor, Luheng He, Kenton Lee and Emily Pitler",
"4067","Tuan Lai, Quan Hung Tran, Trung Bui and Daisuke Kihara",
"91","Hong-Ren Mao and Hung-Yi Lee",
"482","Abram Handler and Brendan O'Connor",
"1255","Bodhisattwa Prasad Majumder, Shuyang Li, Jianmo Ni and Julian McAuley",
"1644","Jiazuo Qiu and Deyi Xiong",
"1674","Huanru Henry Mao, Bodhisattwa Prasad Majumder, Julian McAuley and Garrison Cottrell",
"1963","Shantipriya Parida and Petr Motlicek",
"2083","Mika Hämäläinen and Khalid Alnajjar",
"2422","Stratos Xenouleas, Prodromos Malakasiotis, Marianna Apidianaki and Ion Androutsopoulos",
"2870","Wanyu Du and Yangfeng Ji",
"3236","Matt Grenander, Yue Dong, Jackie Chi Kit Cheung and Annie Louis",
"3950","Harsh Jhamtani, Sanket Vaibhav Mehta, Jaime Carbonell and Taylor Berg-Kirkpatrick",
"4105","Wenjie Zhou, Minghua Zhang and Yunfang Wu",
"4107","Siyao Li, Deren Lei, Pengda Qin and William Yang Wang",
"285","Dongjun Lee",
"1774","James Mullenbach, Jonathan Gordon, Nanyun Peng and Jonathan May",
"2244","Bo Shao, Yeyun Gong, Weizhen Qi, Nan Duan and Xiaola Lin",
"2765","Ting-Yun Chang and Yun-Nung Chen",
"3058","Chul Sung, Tejas Dhamecha, Swarnadeep Saha, Tengfei Ma, Vinay Reddy and Rishi Arora",
"3276","Niket Tandon, Bhavana Dalvi, Keisuke Sakaguchi, Peter Clark and Antoine Bosselut",
"3606","Nanjiang Jiang and Marie-Catherine de Marneffe",
"3974","Soumya Sharma, Bishal Santra, Abhik Jana, Santosh Tokala, Niloy Ganguly and Pawan Goyal",
"3349","Francisco Guzmán, Peng-Jen Chen, Myle Ott, Juan Pino, Guillaume Lample, Philipp Koehn, Vishrav Chaudhary and Marc'Aurelio Ranzato",
"1204","Marjan Ghazvininejad, Omer Levy, Yinhan Liu and Luke Zettlemoyer",
"777","Xuancheng Huang, Yang Liu, Huanbo Luan, Jingfang Xu and Maosong Sun",
"1912","Yupei Du, Yuanbin Wu and Man Lan",
"TACL-1729","Vered Shwartz and Ido Dagan",
"TACL-1648","Yanai Elazar and Yoav Goldberg",
"2725","Abhijit Mishra, Tarun Tater and Karthik Sankaranarayanan",
"2534","Zhichao Yang, Pengshan Cai, Yansong Feng, Fei Li, Weijiang Feng, Elena Suet-Ying Chiu and hong yu",
"724","Litton J Kurisinkel and Nancy Chen",
"451","Shraddha Barke, Rose Kunkel, Nadia Polikarpova, Eric Meinhardt, Eric Bakovic and Leon Bergen",
"1340","Zhuoren Jiang, Zhe Gao, Guoxiu He, Yangyang Kang, Changlong Sun, Qiong Zhang, Luo Si and Xiaozhong Liu",
"TACL-1582","Xiang Lisa Li, Dingquan Wang and Jason Eisner",
"189","Ying Lin and Heng Ji",
"193","Qiang Ning, Sanjay Subramanian and Dan Roth",
"822","Hongliang Dai, Donghong Du, Xin Li and Yangqiu Song",
"1222","Bailin Wang and Wei Lu",
"1686","Kosuke Akimoto, Takuya Hiraoka, Kunihiko Sadamasa and Mathias Niepert",
"1760","Hongyu Lin, Yaojie Lu, Xianpei Han, Le Sun, Bin Dong and Shanshan Jiang",
"1782","Michel Schwab, Robert Jäschke, Frank Fischer and Jannik Strötgen",
"1799","Taiki Watanabe, Akihiro Tamura, Takashi Ninomiya, Takuya Makino and Tomoya Iwakura",
"2697","Tianyu Gao, Xu Han, Hao Zhu, Zhiyuan Liu, Peng Li, Maosong Sun and Jie Zhou",
"2992","Stephen Mayhew, Tatiana Tsygankova and Dan Roth",
"4099","Sangnie Bhardwaj, Samarth Aggarwal and Mausam -",
"4158","Barun Patra and Joel Ruben Antony Moniz",
"19","Gaku Morio, Ryo Egawa and Katsuhide Fujita",
"849","Qingnan Jiang, Lei Chen, Ruifeng Xu, Xiang Ao and Min Yang",
"1157","Hao Wang, Bing Liu, Chaozhuo Li, Yan Yang and Tianrui Li",
"1347","Chen Liu, Muhammad Osama and Anderson De Andrade",
"3016","Yingjie Li and Cornelia Caragea",
"3085","Xin Dong and Gerard de Melo",
"3869","Canasai Kruengkrai",
"80","Taro Miyazaki, Kiminobu Makino, Yuka Takei, Hiroki Okamoto and Jun Goto",
"393","Miriam Hurtado Bodell, Martin Arvidsson and Måns Magnusson",
"2101","Maria Barrett, Yova Kementchedjhieva, Yanai Elazar, Desmond Elliott and Anders Søgaard",
"2170","Jasabanta Patro, Srijan Bansal and Animesh Mukherjee",
"2759","Lisa Fan, Marshall White, Eva Sharma, Ruisi Su, Prafulla Kumar Choubey, Ruihong Huang and Lu Wang",
"3333","William Ferreira and Andreas Vlachos",
"3345","Jack Merullo, Luke Yeh, Abram Handler, Alvin Grissom II, Brendan O'Connor and Mohit Iyyer",
"759","Huajie Chen, Deng Cai, Wei Dai, Zehui Dai and Yadong Ding",
"1020","Yannis Assael, Thea Sommerschield and Jonathan Prag",
"1068","Zhenjie Zhao, Andrew Cattle, Evangelos Papalexakis and Xiaojuan Ma",
"1192","Jason Wei and Kai Zou",
"1581","Chuhan Wu, Fangzhao Wu, Suyu Ge, Tao Qi, Yongfeng Huang and Xing Xie",
"1611","Xiaolei Huang, Jonathan May and Nanyun Peng",
"1737","Dongyu Zhang, Heting Zhang, Xikai Liu, Hongfei LIN and Feng Xia",
"1763","Masaaki Nishino, Sho Takase, Tsutomu Hirao and Masaaki Nagata",
"2013","Kashyap Popat, Subhabrata Mukherjee, Andrew Yates and Gerhard Weikum",
"2551","Talaat Khalil, Kornel Kielczewski, Georgios Christos Chouliaras, Amina Keldibek and Maarten Versteegh",
"2839","Jun-U Park, Sang-Ki Ko, Marco Cognetta and Yo-Sub Han",
"2907","Swaraj Khadanga, Karan Aggarwal, Shafiq Joty and Jaideep Srivastava",
"3639","Adithya Renduchintala, Philipp Koehn and Jason Eisner",
"3718","Bonan Min, Yee Seng Chan, Haoling Qiu and Joshua Fasching",
"4014","Tzuf Paz-Argaman and Reut Tsarfaty",
"162","Ming Tan, Dakuo Wang, Yupeng Gao, Haoyu Wang, Saloni Potdar, Xiaoxiao Guo, Shiyu Chang and Mo Yu",
