Name,"Sub-Title (i.e. Location, Table/Booth, or Title/Sponsorship Level)",Description (Optional),Location/Room,Image (Optional),Thumbnail (Optional)
34,,,,,
35,,,,,
36,,,,,
38,,,,,
39,,,,,
41,,,,,
42,,,,,
43,,,,,
44,,,,,
46,,,,,
47,,,,,
49,,,,,
50,,,,,
51,,,,,
52,,,,,
53,,,,,
54,,,,,
55,,,,,
56,,,,,
57,,,,,
60,,,,,
61,,,,,
62,,,,,
63,,,,,
64,,,,,
65,,,,,
67,,,,,
68,,,,,
69,,,,,
70,,,,,
71,,,,,
72,,,,,
73,,,,,
75,,,,,
76,,,,,
77,,,,,
78,,,,,
79,,,,,
81,,,,,
82,,,,,
83,,,,,
84,,,,,
86,,,,,
87,,,,,
90,,,,,
91,,,,,
92,,,,,
94,,,,,
95,,,,,
97,,,,,
98,,,,,
99,,,,,
100,,,,,
101,,,,,
103,,,,,
104,,,,,
105,,,,,
106,,,,,
108,,,,,
109,,,,,
110,,,,,
111,,,,,
112,,,,,
115,,,,,
116,,,,,
117,,,,,
118,,,,,
119,,,,,
121,,,,,
122,,,,,
123,,,,,
124,,,,,
125,,,,,
127,,,,,
128,,,,,
130,,,,,
131,,,,,
133,,,,,
134,,,,,
135,,,,,
136,,,,,
139,,,,,
140,,,,,
141,,,,,
142,,,,,
143,,,,,
144,,,,,
145,,,,,
147,,,,,
148,,,,,
150,,,,,
151,,,,,
152,,,,,
153,,,,,
154,,,,,
156,,,,,
157,,,,,
159,,,,,
160,,,,,
162,,,,,
163,,,,,
164,,,,,
165,,,,,
166,,,,,
168,,,,,
169,,,,,
170,,,,,
171,,,,,
173,,,,,
174,,,,,
175,,,,,
177,,,,,
179,,,,,
180,,,,,
181,,,,,
182,,,,,
183,,,,,
184,,,,,
186,,,,,
187,,,,,
188,,,,,
189,,,,,
190,,,,,
192,,,,,
193,,,,,
194,,,,,
195,,,,,
197,,,,,
198,,,,,
199,,,,,
200,,,,,
201,,,,,
203,,,,,
204,,,,,
205,,,,,
206,,,,,
207,,,,,
209,,,,,
210,,,,,
211,,,,,
213,,,,,
214,,,,,
215,,,,,
217,,,,,
218,,,,,
219,,,,,
221,,,,,
222,,,,,
223,,,,,
224,,,,,
225,,,,,
226,,,,,
227,,,,,
229,,,,,
230,,,,,
231,,,,,
233,,,,,
234,,,,,
236,,,,,
237,,,,,
238,,,,,
239,,,,,
240,,,,,
241,,,,,
242,,,,,
244,,,,,
245,,,,,
246,,,,,
247,,,,,
249,,,,,
250,,,,,
252,,,,,
253,,,,,
254,,,,,
256,,,,,
257,,,,,
258,,,,,
259,,,,,
261,,,,,
262,,,,,
264,,,,,
266,,,,,
267,,,,,
268,,,,,
269,,,,,
271,,,,,
272,,,,,
273,,,,,
274,,,,,
275,,,,,
277,,,,,
279,,,,,
280,,,,,
281,,,,,
283,,,,,
284,,,,,
288,,,,,
289,,,,,
291,,,,,
292,,,,,
293,,,,,
294,,,,,
295,,,,,
297,,,,,
298,,,,,
299,,,,,
300,,,,,
301,,,,,
303,,,,,
304,,,,,
305,,,,,
306,,,,,
308,,,,,
309,,,,,
312,,,,,
314,,,,,
315,,,,,
316,,,,,
317,,,,,
319,,,,,
320,,,,,
322,,,,,
323,,,,,
324,,,,,
326,,,,,
327,,,,,
330,,,,,
331,,,,,
333,,,,,
334,,,,,
335,,,,,
337,,,,,
338,,,,,
339,,,,,
341,,,,,
342,,,,,
343,,,,,
344,,,,,
346,,,,,
347,,,,,
348,,,,,
351,,,,,
352,,,,,
353,,,,,
354,,,,,
356,,,,,
357,,,,,
358,,,,,
360,,,,,
361,,,,,
362,,,,,
364,,,,,
365,,,,,
366,,,,,
367,,,,,
369,,,,,
372,,,,,
373,,,,,
375,,,,,
376,,,,,
377,,,,,
378,,,,,
379,,,,,
380,,,,,
382,,,,,
383,,,,,
385,,,,,
386,,,,,
387,,,,,
388,,,,,
389,,,,,
390,,,,,
392,,,,,
393,,,,,
394,,,,,
395,,,,,
397,,,,,
398,,,,,
399,,,,,
401,,,,,
402,,,,,
403,,,,,
404,,,,,
406,,,,,
407,,,,,
408,,,,,
409,,,,,
410,,,,,
411,,,,,
412,,,,,
413,,,,,
414,,,,,
415,,,,,
417,,,,,
418,,,,,
419,,,,,
420,,,,,
421,,,,,
423,,,,,
424,,,,,
426,,,,,
427,,,,,
428,,,,,
430,,,,,
431,,,,,
433,,,,,
434,,,,,
435,,,,,
436,,,,,
438,,,,,
439,,,,,
440,,,,,
442,,,,,
443,,,,,
444,,,,,
445,,,,,
447,,,,,
448,,,,,
450,,,,,
451,,,,,
452,,,,,
453,,,,,
454,,,,,
455,,,,,
456,,,,,
458,,,,,
459,,,,,
460,,,,,
461,,,,,
463,,,,,
464,,,,,
465,,,,,
467,,,,,
468,,,,,
469,,,,,
470,,,,,
473,,,,,
474,,,,,
476,,,,,
477,,,,,
478,,,,,
480,,,,,
481,,,,,
482,,,,,
483,,,,,
485,,,,,
486,,,,,
487,,,,,
488,,,,,
489,,,,,
491,,,,,
492,,,,,
493,,,,,
495,,,,,
496,,,,,
497,,,,,
499,,,,,
500,,,,,
501,,,,,
503,,,,,
504,,,,,
505,,,,,
509,,,,,
510,,,,,
511,,,,,
513,,,,,
514,,,,,
515,,,,,
517,,,,,
518,,,,,
520,,,,,
522,,,,,
523,,,,,
524,,,,,
528,,,,,
529,,,,,
531,,,,,
532,,,,,
533,,,,,
535,,,,,
536,,,,,
538,,,,,
541,,,,,
542,,,,,
543,,,,,
544,,,,,
545,,,,,
547,,,,,
548,,,,,
549,,,,,
550,,,,,
551,,,,,
553,,,,,
555,,,,,
556,,,,,
558,,,,,
559,,,,,
560,,,,,
563,,,,,
564,,,,,
566,,,,,
567,,,,,
569,,,,,
570,,,,,
571,,,,,
573,,,,,
574,,,,,
575,,,,,
576,,,,,
578,,,,,
579,,,,,
582,,,,,
583,,,,,
584,,,,,
585,,,,,
586,,,,,
587,,,,,
589,,,,,
590,,,,,
592,,,,,
593,,,,,
594,,,,,
596,,,,,
597,,,,,
598,,,,,
599,,,,,
601,,,,,
602,,,,,
604,,,,,
605,,,,,
606,,,,,
607,,,,,
609,,,,,
610,,,,,
612,,,,,
613,,,,,
614,,,,,
615,,,,,
617,,,,,
618,,,,,
619,,,,,
620,,,,,
621,,,,,
623,,,,,
624,,,,,
626,,,,,
627,,,,,
629,,,,,
630,,,,,
631,,,,,
632,,,,,
633,,,,,
635,,,,,
636,,,,,
637,,,,,
638,,,,,
639,,,,,
641,,,,,
643,,,,,
644,,,,,
645,,,,,
647,,,,,
648,,,,,
650,,,,,
651,,,,,
653,,,,,
654,,,,,
655,,,,,
656,,,,,
657,,,,,
659,,,,,
660,,,,,
662,,,,,
663,,,,,
664,,,,,
665,,,,,
667,,,,,
668,,,,,
670,,,,,
671,,,,,
672,,,,,
674,,,,,
675,,,,,
676,,,,,
678,,,,,
679,,,,,
680,,,,,
682,,,,,
683,,,,,
684,,,,,
685,,,,,
686,,,,,
687,,,,,
689,,,,,
690,,,,,
691,,,,,
692,,,,,
693,,,,,
694,,,,,
696,,,,,
698,,,,,
700,,,,,
701,,,,,
702,,,,,
706,,,,,
707,,,,,
709,,,,,
710,,,,,
711,,,,,
712,,,,,
714,,,,,
715,,,,,
717,,,,,
718,,,,,
720,,,,,
721,,,,,
722,,,,,
723,,,,,
724,,,,,
725,,,,,
728,,,,,
729,,,,,
730,,,,,
731,,,,,
733,,,,,
734,,,,,
736,,,,,
737,,,,,
739,,,,,
740,,,,,
741,,,,,
742,,,,,
743,,,,,
745,,,,,
746,,,,,
749,,,,,
750,,,,,
752,,,,,
753,,,,,
755,,,,,
756,,,,,
758,,,,,
760,,,,,
761,,,,,
764,,,,,
765,,,,,
766,,,,,
767,,,,,
768,,,,,
770,,,,,
771,,,,,
772,,,,,
774,,,,,
775,,,,,
776,,,,,
777,,,,,
779,,,,,
780,,,,,
781,,,,,
783,,,,,
784,,,,,
785,,,,,
786,,,,,
787,,,,,
788,,,,,
791,,,,,
792,,,,,
793,,,,,
794,,,,,
796,,,,,
797,,,,,
798,,,,,
799,,,,,
800,,,,,
801,,,,,
803,,,,,
804,,,,,
805,,,,,
807,,,,,
808,,,,,
810,,,,,
812,,,,,
813,,,,,
815,,,,,
816,,,,,
817,,,,,
819,,,,,
820,,,,,
822,,,,,
823,,,,,
824,,,,,
825,,,,,
826,,,,,
828,,,,,
829,,,,,
830,,,,,
832,,,,,
833,,,,,
835,,,,,
836,,,,,
837,,,,,
838,,,,,
840,,,,,
841,,,,,
843,,,,,
844,,,,,
846,,,,,
847,,,,,
848,,,,,
849,,,,,
851,,,,,
852,,,,,
853,,,,,
854,,,,,
855,,,,,
857,,,,,
859,,,,,
860,,,,,
861,,,,,
863,,,,,
864,,,,,
865,,,,,
866,,,,,
868,,,,,
869,,,,,
871,,,,,
872,,,,,
873,,,,,
874,,,,,
875,,,,,
876,,,,,
877,,,,,
878,,,,,
880,,,,,
881,,,,,
882,,,,,
883,,,,,
884,,,,,
885,,,,,
887,,,,,
888,,,,,
890,,,,,
891,,,,,
892,,,,,
894,,,,,
895,,,,,
896,,,,,
898,,,,,
899,,,,,
900,,,,,
901,,,,,
902,,,,,
903,,,,,
905,,,,,
906,,,,,
908,,,,,
909,,,,,
911,,,,,
912,,,,,
914,,,,,
915,,,,,
917,,,,,
920,,,,,
921,,,,,
922,,,,,
923,,,,,
924,,,,,
925,,,,,
927,,,,,
928,,,,,
929,,,,,
930,,,,,
932,,,,,
933,,,,,
934,,,,,
935,,,,,
936,,,,,
937,,,,,
938,,,,,
939,,,,,
940,,,,,
941,,,,,
942,,,,,
943,,,,,
946,,,,,
947,,,,,
949,,,,,
950,,,,,
951,,,,,
953,,,,,
954,,,,,
956,,,,,
957,,,,,
959,,,,,
960,,,,,
961,,,,,
962,,,,,
963,,,,,
966,,,,,
967,,,,,
968,,,,,
970,,,,,
971,,,,,
972,,,,,
973,,,,,
976,,,,,
977,,,,,
978,,,,,
979,,,,,
981,,,,,
982,,,,,
985,,,,,
986,,,,,
987,,,,,
988,,,,,
990,,,,,
991,,,,,
993,,,,,
994,,,,,
995,,,,,
997,,,,,
998,,,,,
1000,,,,,
1001,,,,,
1004,,,,,
1005,,,,,
1007,,,,,
1008,,,,,
1010,,,,,
1011,,,,,
1013,,,,,
1014,,,,,
1015,,,,,
1017,,,,,
1018,,,,,
1019,,,,,
1020,,,,,
1021,,,,,
1025,,,,,
1027,,,,,
1028,,,,,
1030,,,,,
1031,,,,,
1032,,,,,
1033,,,,,
1035,,,,,
1037,,,,,
1038,,,,,
1039,,,,,
1040,,,,,
1042,,,,,
1044,,,,,
1045,,,,,
1046,,,,,
1047,,,,,
1049,,,,,
1050,,,,,
1051,,,,,
1052,,,,,
1054,,,,,
1055,,,,,
1056,,,,,
1057,,,,,
1058,,,,,
1060,,,,,
1062,,,,,
1063,,,,,
1064,,,,,
1066,,,,,
1067,,,,,
1068,,,,,
1069,,,,,
1070,,,,,
1072,,,,,
1073,,,,,
1074,,,,,
1075,,,,,
1076,,,,,
1077,,,,,
1078,,,,,
1079,,,,,
1081,,,,,
1082,,,,,
1083,,,,,
1085,,,,,
1086,,,,,
1087,,,,,
1088,,,,,
1089,,,,,
1091,,,,,
1092,,,,,
1093,,,,,
1095,,,,,
1096,,,,,
1099,,,,,
1101,,,,,
1103,,,,,
1104,,,,,
1105,,,,,
1107,,,,,
1108,,,,,
1109,,,,,
1110,,,,,
1112,,,,,
1113,,,,,
1114,,,,,
1115,,,,,
1117,,,,,
1118,,,,,
1120,,,,,
1121,,,,,
1122,,,,,
1123,,,,,
1125,,,,,
1126,,,,,
1127,,,,,
1129,,,,,
1130,,,,,
1132,,,,,
1133,,,,,
1134,,,,,
1135,,,,,
1136,,,,,
1138,,,,,
1139,,,,,
1140,,,,,
1141,,,,,
1142,,,,,
1143,,,,,
1144,,,,,
1146,,,,,
1147,,,,,
1148,,,,,
1149,,,,,
1151,,,,,
1152,,,,,
1154,,,,,
1155,,,,,
1156,,,,,
1158,,,,,
1159,,,,,
1160,,,,,
1161,,,,,
1162,,,,,
1164,,,,,
1165,,,,,
1166,,,,,
1167,,,,,
1169,,,,,
1171,,,,,
1172,,,,,
1174,,,,,
1175,,,,,
1176,,,,,
1177,,,,,
1178,,,,,
1179,,,,,
1180,,,,,
1181,,,,,
1182,,,,,
1183,,,,,
1184,,,,,
1185,,,,,
1186,,,,,
1188,,,,,
1192,,,,,
1193,,,,,
1195,,,,,
1196,,,,,
1197,,,,,
1198,,,,,
1199,,,,,
1200,,,,,
1202,,,,,
1203,,,,,
1204,,,,,
1206,,,,,
1207,,,,,
1208,,,,,
1209,,,,,
1211,,,,,
1212,,,,,
1215,,,,,
1216,,,,,
1218,,,,,
1219,,,,,
1220,,,,,
1222,,,,,
1223,,,,,
1224,,,,,
1225,,,,,
1227,,,,,
1228,,,,,
1229,,,,,
1231,,,,,
1232,,,,,
1233,,,,,
1234,,,,,
1235,,,,,
1238,,,,,
1239,,,,,
1240,,,,,
1241,,,,,
1242,,,,,
1243,,,,,
1244,,,,,
1245,,,,,
1248,,,,,
1249,,,,,
1250,,,,,
1252,,,,,
1254,,,,,
1255,,,,,
1256,,,,,
1259,,,,,
1260,,,,,
1262,,,,,
1263,,,,,
1264,,,,,
1265,,,,,
1267,,,,,
1268,,,,,
1269,,,,,
1270,,,,,
1271,,,,,
1272,,,,,
1275,,,,,
1276,,,,,
1277,,,,,
1280,,,,,
1281,,,,,
1283,,,,,
1284,,,,,
1285,,,,,
1287,,,,,
1288,,,,,
1289,,,,,
1290,,,,,
1291,,,,,
1292,,,,,
1293,,,,,
1294,,,,,
1295,,,,,
1297,,,,,
1298,,,,,
1299,,,,,
1300,,,,,
1301,,,,,
1303,,,,,
1304,,,,,
1305,,,,,
1306,,,,,
1307,,,,,
1309,,,,,
1310,,,,,
1311,,,,,
1312,,,,,
1313,,,,,
1314,,,,,
1315,,,,,
1317,,,,,
1318,,,,,
1319,,,,,
1320,,,,,
1322,,,,,
1323,,,,,
1324,,,,,
1326,,,,,
1327,,,,,
1328,,,,,
1329,,,,,
1331,,,,,
1332,,,,,
1333,,,,,
1334,,,,,
1335,,,,,
1337,,,,,
1338,,,,,
1340,,,,,
1341,,,,,
1343,,,,,
1344,,,,,
1345,,,,,
1346,,,,,
1348,,,,,
1349,,,,,
1350,,,,,
1352,,,,,
1353,,,,,
1354,,,,,
1355,,,,,
1356,,,,,
1358,,,,,
1359,,,,,
1360,,,,,
1361,,,,,
1362,,,,,
1363,,,,,
1364,,,,,
1366,,,,,
1367,,,,,
1368,,,,,
1369,,,,,
1370,,,,,
1372,,,,,
1373,,,,,
1375,,,,,
1376,,,,,
1377,,,,,
1378,,,,,
1379,,,,,
1381,,,,,
1383,,,,,
1384,,,,,
1385,,,,,
1387,,,,,
1388,,,,,
1389,,,,,
1390,,,,,
1392,,,,,
1395,,,,,
1396,,,,,
1397,,,,,
1399,,,,,
1400,,,,,
1401,,,,,
1402,,,,,
1404,,,,,
1405,,,,,
1407,,,,,
1408,,,,,
1409,,,,,
1411,,,,,
1412,,,,,
1413,,,,,
1417,,,,,
1418,,,,,
1419,,,,,
1420,,,,,
1422,,,,,
1423,,,,,
1424,,,,,
1425,,,,,
1426,,,,,
1428,,,,,
1429,,,,,
1430,,,,,
1431,,,,,
1433,,,,,
1434,,,,,
1435,,,,,
1436,,,,,
1438,,,,,
1439,,,,,
1440,,,,,
1441,,,,,
1444,,,,,
1446,,,,,
1447,,,,,
1449,,,,,
1451,,,,,
1452,,,,,
1454,,,,,
1455,,,,,
1456,,,,,
1457,,,,,
1458,,,,,
1459,,,,,
1462,,,,,
1463,,,,,
1464,,,,,
1466,,,,,
1467,,,,,
1468,,,,,
1469,,,,,
1471,,,,,
1472,,,,,
1473,,,,,
1474,,,,,
1475,,,,,
1477,,,,,
1478,,,,,
1480,,,,,
1481,,,,,
1482,,,,,
1485,,,,,
1486,,,,,
1488,,,,,
1490,,,,,
1491,,,,,
1493,,,,,
1494,,,,,
1496,,,,,
1497,,,,,
1500,,,,,
1501,,,,,
1502,,,,,
1503,,,,,
1504,,,,,
1506,,,,,
1507,,,,,
1508,,,,,
1509,,,,,
1510,,,,,
1512,,,,,
1513,,,,,
1515,,,,,
1516,,,,,
1517,,,,,
1519,,,,,
1520,,,,,
1521,,,,,
1523,,,,,
1525,,,,,
1526,,,,,
1528,,,,,
1529,,,,,
1530,,,,,
1532,,,,,
1533,,,,,
1534,,,,,
1535,,,,,
1537,,,,,
1538,,,,,
1539,,,,,
1540,,,,,
1542,,,,,
1544,,,,,
1545,,,,,
1547,,,,,
1548,,,,,
1549,,,,,
1550,,,,,
1552,,,,,
1554,,,,,
1555,,,,,
1556,,,,,
1557,,,,,
1558,,,,,
1560,,,,,
1561,,,,,
1563,,,,,
1564,,,,,
1565,,,,,
1567,,,,,
1568,,,,,
1570,,,,,
1572,,,,,
1573,,,,,
1575,,,,,
1576,,,,,
1578,,,,,
1579,,,,,
1581,,,,,
1582,,,,,
1583,,,,,
1584,,,,,
1585,,,,,
1587,,,,,
1588,,,,,
1590,,,,,
1591,,,,,
1593,,,,,
1594,,,,,
1596,,,,,
1597,,,,,
1599,,,,,
1600,,,,,
1602,,,,,
1603,,,,,
1604,,,,,
1606,,,,,
1607,,,,,
1608,,,,,
1610,,,,,
1611,,,,,
1612,,,,,
1614,,,,,
1615,,,,,
1621,,,,,
1622,,,,,
1623,,,,,
1624,,,,,
1625,,,,,
1627,,,,,
1628,,,,,
1630,,,,,
1631,,,,,
1632,,,,,
1633,,,,,
1634,,,,,
1635,,,,,
1637,,,,,
1638,,,,,
1639,,,,,
1641,,,,,
1642,,,,,
1645,,,,,
1646,,,,,
1647,,,,,
1649,,,,,
1650,,,,,
1651,,,,,
1653,,,,,
1654,,,,,
1655,,,,,
1656,,,,,
1657,,,,,
1659,,,,,
1661,,,,,
1664,,,,,
1665,,,,,
1666,,,,,
1667,,,,,
1668,,,,,
1670,,,,,
1671,,,,,
1673,,,,,
1674,,,,,
1675,,,,,
1677,,,,,
1678,,,,,
1679,,,,,
1680,,,,,
1681,,,,,
1682,,,,,
1683,,,,,
1685,,,,,
1688,,,,,
1690,,,,,
1692,,,,,
1693,,,,,
1694,,,,,
1695,,,,,
1697,,,,,
1698,,,,,
1699,,,,,
1701,,,,,
1704,,,,,
1705,,,,,
1706,,,,,
1707,,,,,
1709,,,,,
1710,,,,,
1712,,,,,
1713,,,,,
1715,,,,,
1716,,,,,
1717,,,,,
1719,,,,,
1720,,,,,
1722,,,,,
1723,,,,,
1725,,,,,
1726,,,,,
1727,,,,,
1729,,,,,
1730,,,,,
1732,,,,,
1733,,,,,
1734,,,,,
1735,,,,,
1737,,,,,
1739,,,,,
1740,,,,,
1741,,,,,
1742,,,,,
1744,,,,,
1745,,,,,
1747,,,,,
1748,,,,,
1750,,,,,
1751,,,,,
1753,,,,,
1755,,,,,
1756,,,,,
1757,,,,,
1759,,,,,
1760,,,,,
1761,,,,,
1763,,,,,
1764,,,,,
1765,,,,,
1766,,,,,
1768,,,,,
1769,,,,,
1770,,,,,
1772,,,,,
1773,,,,,
1774,,,,,
1776,,,,,
1778,,,,,
1779,,,,,
1780,,,,,
1782,,,,,
1783,,,,,
1784,,,,,
1785,,,,,
1787,,,,,
1788,,,,,
1789,,,,,
1790,,,,,
1792,,,,,
1793,,,,,
1794,,,,,
1796,,,,,
1797,,,,,
1798,,,,,
1800,,,,,
1801,,,,,
1802,,,,,
1803,,,,,
1804,,,,,
1806,,,,,
1807,,,,,
1808,,,,,
1810,,,,,
1811,,,,,
1813,,,,,
1814,,,,,
1815,,,,,
1816,,,,,
1817,,,,,
1818,,,,,
1819,,,,,
1820,,,,,
1821,,,,,
1823,,,,,
1824,,,,,
1825,,,,,
1827,,,,,
1828,,,,,
1829,,,,,
1830,,,,,
1831,,,,,
1835,,,,,
1836,,,,,
1837,,,,,
1838,,,,,
1839,,,,,
1840,,,,,
1841,,,,,
1843,,,,,
1845,,,,,
1846,,,,,
1847,,,,,
1849,,,,,
1850,,,,,
1851,,,,,
1853,,,,,
1854,,,,,
1855,,,,,
1858,,,,,
1859,,,,,
1860,,,,,
1861,,,,,
1863,,,,,
1864,,,,,
1865,,,,,
1866,,,,,
1868,,,,,
1870,,,,,
1871,,,,,
1872,,,,,
1873,,,,,
1874,,,,,
1876,,,,,
1877,,,,,
1878,,,,,
1881,,,,,
1882,,,,,
1884,,,,,
1885,,,,,
1887,,,,,
1888,,,,,
1889,,,,,
1891,,,,,
1892,,,,,
1894,,,,,
1895,,,,,
1896,,,,,
1899,,,,,
1900,,,,,
1902,,,,,
1903,,,,,
1904,,,,,
1905,,,,,
1906,,,,,
1908,,,,,
1909,,,,,
1910,,,,,
1912,,,,,
1913,,,,,
1914,,,,,
1916,,,,,
1917,,,,,
1918,,,,,
1919,,,,,
1920,,,,,
1923,,,,,
1924,,,,,
1925,,,,,
1926,,,,,
1928,,,,,
1929,,,,,
1931,,,,,
1932,,,,,
1933,,,,,
1935,,,,,
1936,,,,,
1937,,,,,
1938,,,,,
1940,,,,,
1941,,,,,
1942,,,,,
1944,,,,,
1945,,,,,
1946,,,,,
1947,,,,,
1949,,,,,
1950,,,,,
1951,,,,,
1953,,,,,
1954,,,,,
1955,,,,,
1956,,,,,
1958,,,,,
1959,,,,,
1961,,,,,
1962,,,,,
1964,,,,,
1965,,,,,
1966,,,,,
1967,,,,,
1969,,,,,
1970,,,,,
1971,,,,,
1972,,,,,
1973,,,,,
1975,,,,,
1976,,,,,
1978,,,,,
1979,,,,,
1980,,,,,
1981,,,,,
1982,,,,,
1985,,,,,
1987,,,,,
1989,,,,,
1990,,,,,
1991,,,,,
1992,,,,,
1994,,,,,
1995,,,,,
1996,,,,,
1998,,,,,
1999,,,,,
2000,,,,,
2002,,,,,
2003,,,,,
2004,,,,,
2005,,,,,
2007,,,,,
2009,,,,,
2011,,,,,
2012,,,,,
2014,,,,,
2015,,,,,
2017,,,,,
2018,,,,,
2019,,,,,
2020,,,,,
2021,,,,,
2023,,,,,
2026,,,,,
2027,,,,,
2029,,,,,
2030,,,,,
2032,,,,,
2034,,,,,
2035,,,,,
2037,,,,,
2039,,,,,
2040,,,,,
2042,,,,,
2043,,,,,
2044,,,,,
2045,,,,,
2047,,,,,
2049,,,,,
2050,,,,,
2051,,,,,
2053,,,,,
2054,,,,,
2056,,,,,
2057,,,,,
2058,,,,,
2059,,,,,
2061,,,,,
2062,,,,,
2063,,,,,
2064,,,,,
2066,,,,,
2067,,,,,
2068,,,,,
2070,,,,,
2071,,,,,
2073,,,,,
2075,,,,,
2080,,,,,
2081,,,,,
2083,,,,,
2084,,,,,
2085,,,,,
2087,,,,,
2088,,,,,
2090,,,,,
2091,,,,,
2092,,,,,
2093,,,,,
2095,,,,,
2098,,,,,
2100,,,,,
2101,,,,,
2102,,,,,
2104,,,,,
2105,,,,,
2106,,,,,
2107,,,,,
2109,,,,,
2110,,,,,
2112,,,,,
2113,,,,,
2114,,,,,
2117,,,,,
2119,,,,,
2120,,,,,
2121,,,,,
2123,,,,,
2125,,,,,
2126,,,,,
2127,,,,,
2128,,,,,
2130,,,,,
2131,,,,,
2132,,,,,
2133,,,,,
2136,,,,,
2138,,,,,
2140,,,,,
2142,,,,,
2144,,,,,
2145,,,,,
2148,,,,,
2150,,,,,
2151,,,,,
2153,,,,,
2154,,,,,
2156,,,,,
2157,,,,,
2159,,,,,
2160,,,,,
2161,,,,,
2163,,,,,
2164,,,,,
2165,,,,,
2166,,,,,
2167,,,,,
2168,,,,,
2169,,,,,
2171,,,,,
2172,,,,,
2174,,,,,
2175,,,,,
2176,,,,,
2177,,,,,
2178,,,,,
2179,,,,,
2180,,,,,
2183,,,,,
2185,,,,,
2186,,,,,
2187,,,,,
2189,,,,,
2190,,,,,
2191,,,,,
2192,,,,,
2193,,,,,
2194,,,,,
2196,,,,,
2197,,,,,
2198,,,,,
2199,,,,,
2201,,,,,
2204,,,,,
2205,,,,,
2206,,,,,
2208,,,,,
2209,,,,,
2210,,,,,
2211,,,,,
2212,,,,,
2216,,,,,
2217,,,,,
2219,,,,,
2220,,,,,
2221,,,,,
2223,,,,,
2224,,,,,
2225,,,,,
2226,,,,,
2227,,,,,
2229,,,,,
2230,,,,,
2231,,,,,
2233,,,,,
2234,,,,,
2236,,,,,
2238,,,,,
2239,,,,,
2240,,,,,
2242,,,,,
2243,,,,,
2244,,,,,
2246,,,,,
2247,,,,,
2248,,,,,
2249,,,,,
2251,,,,,
2252,,,,,
2253,,,,,
2255,,,,,
2257,,,,,
2259,,,,,
2260,,,,,
2262,,,,,
2263,,,,,
2265,,,,,
2266,,,,,
2267,,,,,
2268,,,,,
2270,,,,,
2271,,,,,
2272,,,,,
2273,,,,,
2274,,,,,
2275,,,,,
2276,,,,,
2277,,,,,
2282,,,,,
2284,,,,,
2285,,,,,
2286,,,,,
2287,,,,,
2289,,,,,
2291,,,,,
2292,,,,,
2293,,,,,
2295,,,,,
2298,,,,,
2300,,,,,
2302,,,,,
2303,,,,,
2305,,,,,
2306,,,,,
2307,,,,,
2309,,,,,
2310,,,,,
2314,,,,,
2315,,,,,
2317,,,,,
2318,,,,,
2320,,,,,
2321,,,,,
2323,,,,,
2326,,,,,
2327,,,,,
2329,,,,,
2330,,,,,
2332,,,,,
2333,,,,,
2335,,,,,
2336,,,,,
2338,,,,,
2339,,,,,
2342,,,,,
2343,,,,,
2345,,,,,
2346,,,,,
2347,,,,,
2348,,,,,
2349,,,,,
2351,,,,,
2352,,,,,
2354,,,,,
2355,,,,,
2356,,,,,
2357,,,,,
2359,,,,,
2360,,,,,
2362,,,,,
2363,,,,,
2365,,,,,
2366,,,,,
2368,,,,,
2370,,,,,
2372,,,,,
2373,,,,,
2375,,,,,
2376,,,,,
2377,,,,,
2378,,,,,
2380,,,,,
2382,,,,,
2383,,,,,
2384,,,,,
2385,,,,,
2387,,,,,
2388,,,,,
2389,,,,,
2390,,,,,
2392,,,,,
2394,,,,,
2395,,,,,
2397,,,,,
2398,,,,,
2400,,,,,
2401,,,,,
2402,,,,,
2403,,,,,
2404,,,,,
2406,,,,,
2407,,,,,
2408,,,,,
2410,,,,,
2411,,,,,
2412,,,,,
2413,,,,,
2415,,,,,
2417,,,,,
2419,,,,,
2420,,,,,
2421,,,,,
2422,,,,,
2423,,,,,
2424,,,,,
2426,,,,,
2428,,,,,
2429,,,,,
2431,,,,,
2432,,,,,
2433,,,,,
2434,,,,,
2436,,,,,
2437,,,,,
2438,,,,,
2439,,,,,
2445,,,,,
2447,,,,,
2448,,,,,
2449,,,,,
2450,,,,,
2451,,,,,
2452,,,,,
2453,,,,,
2455,,,,,
2457,,,,,
2458,,,,,
