Item ID (Optional),Item Name (Optional),Link To Session ID (Optional),Link To Session Name (Optional),Link To Custom List Item ID (Optional),Link To Custom List Item Name (Optional),Link To Form Name (Optional),Link To URLs (Optional),URL Names (Optional)
,34,,33,,,,,
,35,,33,,,,,
,36,,33,,,,,
,38,,37,,,,,
,39,,37,,,,,
,41,,40,,,,,
,42,,40,,,,,
,43,,40,,,,,
,44,,40,,,,,
,46,,45,,,,,
,47,,45,,,,,
,49,,48,,,,,
,50,,48,,,,,
,51,,48,,,,,
,52,,48,,,,,
,53,,48,,,,,
,54,,48,,,,,
,55,,48,,,,,
,56,,48,,,,,
,57,,48,,,,,
,60,,59,,,,,
,61,,59,,,,,
,62,,59,,,,,
,63,,59,,,,,
,64,,59,,,,,
,65,,59,,,,,
,67,,66,,,,,
,68,,66,,,,,
,69,,66,,,,,
,70,,66,,,,,
,71,,66,,,,,
,72,,66,,,,,
,73,,66,,,,,
,75,,74,,,,,
,76,,74,,,,,
,77,,74,,,,,
,78,,74,,,,,
,79,,74,,,,,
,81,,80,,,,,
,82,,80,,,,,
,83,,80,,,,,
,84,,80,,,,,
,86,,85,,,,,
,87,,85,,,,,
,90,,89,,,,,
,91,,89,,,,,
,92,,89,,,,,
,94,,93,,,,,
,95,,93,,,,,
,97,,96,,,,,
,98,,96,,,,,
,99,,96,,,,,
,100,,96,,,,,
,101,,96,,,,,
,103,,102,,,,,
,104,,102,,,,,
,105,,102,,,,,
,106,,102,,,,,
,108,,107,,,,,
,109,,107,,,,,
,110,,107,,,,,
,111,,107,,,,,
,112,,107,,,,,
,115,,114,,,,,
,116,,114,,,,,
,117,,114,,,,,
,118,,114,,,,,
,119,,114,,,,,
,121,,120,,,,,
,122,,120,,,,,
,123,,120,,,,,
,124,,120,,,,,
,125,,120,,,,,
,127,,126,,,,,
,128,,126,,,,,
,130,,129,,,,,
,131,,129,,,,,
,133,,132,,,,,
,134,,132,,,,,
,135,,132,,,,,
,136,,132,,,,,
,139,,138,,,,,
,140,,138,,,,,
,141,,138,,,,,
,142,,138,,,,,
,143,,138,,,,,
,144,,138,,,,,
,145,,138,,,,,
,147,,146,,,,,
,148,,146,,,,,
,150,,149,,,,,
,151,,149,,,,,
,152,,149,,,,,
,153,,149,,,,,
,154,,149,,,,,
,156,,155,,,,,
,157,,155,,,,,
,159,,158,,,,,
,160,,158,,,,,
,162,,161,,,,,
,163,,161,,,,,
,164,,161,,,,,
,165,,161,,,,,
,166,,161,,,,,
,168,,167,,,,,
,169,,167,,,,,
,170,,167,,,,,
,171,,167,,,,,
,173,,172,,,,,
,71,,172,,,,,
,174,,172,,,,,
,175,,172,,,,,
,177,,176,,,,,
,163,,176,,,,,
,162,,176,,,,,
,148,,176,,,,,
,166,,176,,,,,
,179,,178,,,,,
,180,,178,,,,,
,181,,178,,,,,
,182,,178,,,,,
,183,,178,,,,,
,184,,178,,,,,
,186,,185,,,,,
,187,,185,,,,,
,188,,185,,,,,
,189,,185,,,,,
,190,,185,,,,,
,192,,191,,,,,
,193,,191,,,,,
,194,,191,,,,,
,195,,191,,,,,
,197,,196,,,,,
,198,,196,,,,,
,199,,196,,,,,
,200,,196,,,,,
,201,,196,,,,,
,142,,196,,,,,
,203,,202,,,,,
,204,,202,,,,,
,205,,202,,,,,
,206,,202,,,,,
,207,,202,,,,,
,209,,208,,,,,
,210,,208,,,,,
,151,,208,,,,,
,211,,208,,,,,
,213,,212,,,,,
,91,,212,,,,,
,214,,212,,,,,
,92,,212,,,,,
,215,,212,,,,,
,217,,216,,,,,
,218,,216,,,,,
,219,,216,,,,,
,221,,220,,,,,
,222,,220,,,,,
,223,,220,,,,,
,224,,220,,,,,
,225,,220,,,,,
,226,,220,,,,,
,227,,220,,,,,
,229,,228,,,,,
,230,,228,,,,,
,205,,228,,,,,
,231,,228,,,,,
,233,,232,,,,,
,234,,232,,,,,
,236,,235,,,,,
,237,,235,,,,,
,238,,235,,,,,
,239,,235,,,,,
,240,,235,,,,,
,241,,235,,,,,
,242,,235,,,,,
,244,,243,,,,,
,245,,243,,,,,
,246,,243,,,,,
,247,,243,,,,,
,249,,248,,,,,
,250,,248,,,,,
,252,,251,,,,,
,253,,251,,,,,
,254,,251,,,,,
,256,,255,,,,,
,257,,255,,,,,
,258,,255,,,,,
,259,,255,,,,,
,261,,260,,,,,
,262,,260,,,,,
,87,,260,,,,,
,264,,263,,,,,
,266,,265,,,,,
,267,,265,,,,,
,268,,265,,,,,
,269,,265,,,,,
,271,,270,,,,,
,272,,270,,,,,
,199,,270,,,,,
,273,,270,,,,,
,274,,270,,,,,
,275,,270,,,,,
,239,,270,,,,,
,277,,276,,,,,
,205,,276,,,,,
,279,,278,,,,,
,280,,278,,,,,
,281,,278,,,,,
,283,,282,,,,,
,284,,282,,,,,
,288,,287,,,,,
,289,,287,,,,,
,291,,290,,,,,
,292,,290,,,,,
,293,,290,,,,,
,294,,290,,,,,
,295,,290,,,,,
,297,,296,,,,,
,298,,296,,,,,
,299,,296,,,,,
,300,,296,,,,,
,301,,296,,,,,
,303,,302,,,,,
,304,,302,,,,,
,305,,302,,,,,
,306,,302,,,,,
,308,,307,,,,,
,309,,307,,,,,
,312,,311,,,,,
,246,,311,,,,,
,247,,311,,,,,
,314,,313,,,,,
,315,,313,,,,,
,316,,313,,,,,
,317,,313,,,,,
,319,,318,,,,,
,320,,318,,,,,
,322,,321,,,,,
,323,,321,,,,,
,324,,321,,,,,
,326,,325,,,,,
,327,,325,,,,,
,84,,325,,,,,
,289,,325,,,,,
,330,,329,,,,,
,331,,329,,,,,
,333,,332,,,,,
,334,,332,,,,,
,335,,332,,,,,
,337,,336,,,,,
,338,,336,,,,,
,339,,336,,,,,
,341,,340,,,,,
,342,,340,,,,,
,343,,340,,,,,
,344,,340,,,,,
,346,,345,,,,,
,347,,345,,,,,
,348,,345,,,,,
,351,,350,,,,,
,352,,350,,,,,
,353,,350,,,,,
,354,,350,,,,,
,356,,355,,,,,
,357,,355,,,,,
,358,,355,,,,,
,360,,359,,,,,
,361,,359,,,,,
,362,,359,,,,,
,364,,363,,,,,
,365,,363,,,,,
,366,,363,,,,,
,367,,363,,,,,
,362,,368,,,,,
,369,,368,,,,,
,372,,371,,,,,
,373,,371,,,,,
,375,,374,,,,,
,376,,374,,,,,
,377,,374,,,,,
,378,,374,,,,,
,379,,374,,,,,
,100,,374,,,,,
,380,,374,,,,,
,382,,381,,,,,
,383,,381,,,,,
,385,,384,,,,,
,386,,384,,,,,
,387,,384,,,,,
,388,,384,,,,,
,389,,384,,,,,
,390,,384,,,,,
,392,,391,,,,,
,393,,391,,,,,
,394,,391,,,,,
,395,,391,,,,,
,101,,391,,,,,
,397,,396,,,,,
,398,,396,,,,,
,399,,396,,,,,
,401,,400,,,,,
,402,,400,,,,,
,403,,400,,,,,
,404,,400,,,,,
,406,,405,,,,,
,407,,405,,,,,
,408,,405,,,,,
,409,,405,,,,,
,410,,405,,,,,
,411,,405,,,,,
,412,,405,,,,,
,413,,405,,,,,
,414,,405,,,,,
,415,,405,,,,,
,417,,416,,,,,
,418,,416,,,,,
,419,,416,,,,,
,420,,416,,,,,
,275,,416,,,,,
,421,,416,,,,,
,423,,422,,,,,
,173,,422,,,,,
,424,,422,,,,,
,183,,422,,,,,
,175,,422,,,,,
,426,,425,,,,,
,427,,425,,,,,
,428,,425,,,,,
,430,,429,,,,,
,431,,429,,,,,
,433,,432,,,,,
,434,,432,,,,,
,435,,432,,,,,
,436,,432,,,,,
,438,,437,,,,,
,439,,437,,,,,
,440,,437,,,,,
,442,,441,,,,,
,443,,441,,,,,
,444,,441,,,,,
,445,,441,,,,,
,447,,446,,,,,
,448,,446,,,,,
,450,,449,,,,,
,451,,449,,,,,
,452,,449,,,,,
,453,,449,,,,,
,454,,449,,,,,
,455,,449,,,,,
,456,,449,,,,,
,458,,457,,,,,
,459,,457,,,,,
,460,,457,,,,,
,461,,457,,,,,
,463,,462,,,,,
,464,,462,,,,,
,465,,462,,,,,
,467,,466,,,,,
,468,,466,,,,,
,469,,466,,,,,
,470,,466,,,,,
,173,,471,,,,,
,175,,471,,,,,
,473,,472,,,,,
,474,,472,,,,,
,476,,475,,,,,
,477,,475,,,,,
,478,,475,,,,,
,480,,479,,,,,
,481,,479,,,,,
,482,,479,,,,,
,483,,479,,,,,
,485,,484,,,,,
,486,,484,,,,,
,487,,484,,,,,
,488,,484,,,,,
,489,,484,,,,,
,491,,490,,,,,
,492,,490,,,,,
,493,,490,,,,,
,495,,494,,,,,
,496,,494,,,,,
,497,,494,,,,,
,499,,498,,,,,
,500,,498,,,,,
,501,,498,,,,,
,503,,502,,,,,
,504,,502,,,,,
,505,,502,,,,,
,509,,508,,,,,
,510,,508,,,,,
,511,,508,,,,,
,205,,508,,,,,
,513,,512,,,,,
,514,,512,,,,,
,515,,512,,,,,
,517,,516,,,,,
,518,,516,,,,,
,219,,516,,,,,
,205,,519,,,,,
,520,,519,,,,,
,522,,521,,,,,
,523,,521,,,,,
,524,,521,,,,,
,473,,526,,,,,
,474,,526,,,,,
,528,,527,,,,,
,529,,527,,,,,
,531,,530,,,,,
,532,,530,,,,,
,533,,530,,,,,
,535,,534,,,,,
,536,,534,,,,,
,157,,534,,,,,
,538,,537,,,,,
,541,,540,,,,,
,542,,540,,,,,
,543,,540,,,,,
,435,,540,,,,,
,544,,540,,,,,
,545,,540,,,,,
,547,,546,,,,,
,548,,546,,,,,
,549,,546,,,,,
,550,,546,,,,,
,551,,546,,,,,
,205,,546,,,,,
,541,,552,,,,,
,542,,552,,,,,
,543,,552,,,,,
,553,,552,,,,,
,545,,552,,,,,
,555,,554,,,,,
,556,,554,,,,,
,69,,557,,,,,
,558,,557,,,,,
,559,,557,,,,,
,560,,557,,,,,
,73,,557,,,,,
,563,,562,,,,,
,564,,562,,,,,
,566,,565,,,,,
,378,,565,,,,,
,567,,565,,,,,
,569,,568,,,,,
,570,,568,,,,,
,571,,568,,,,,
,573,,572,,,,,
,574,,572,,,,,
,575,,572,,,,,
,576,,572,,,,,
,578,,577,,,,,
,579,,577,,,,,
,582,,581,,,,,
,583,,581,,,,,
,584,,581,,,,,
,585,,581,,,,,
,586,,581,,,,,
,587,,581,,,,,
,589,,588,,,,,
,200,,588,,,,,
,590,,588,,,,,
,142,,588,,,,,
,199,,588,,,,,
,592,,591,,,,,
,593,,591,,,,,
,594,,591,,,,,
,596,,595,,,,,
,597,,595,,,,,
,598,,595,,,,,
,599,,595,,,,,
,130,,600,,,,,
,131,,600,,,,,
,601,,600,,,,,
,602,,600,,,,,
,604,,603,,,,,
,605,,603,,,,,
,150,,603,,,,,
,152,,603,,,,,
,153,,603,,,,,
,606,,603,,,,,
,607,,603,,,,,
,609,,608,,,,,
,610,,608,,,,,
,612,,611,,,,,
,613,,611,,,,,
,614,,611,,,,,
,615,,611,,,,,
,617,,616,,,,,
,618,,616,,,,,
,619,,616,,,,,
,620,,616,,,,,
,621,,616,,,,,
,623,,622,,,,,
,624,,622,,,,,
,44,,622,,,,,
,626,,625,,,,,
,627,,625,,,,,
,439,,625,,,,,
,629,,628,,,,,
,630,,628,,,,,
,631,,628,,,,,
,632,,628,,,,,
,633,,628,,,,,
,635,,634,,,,,
,636,,634,,,,,
,637,,634,,,,,
,638,,634,,,,,
,639,,634,,,,,
,641,,640,,,,,
,631,,640,,,,,
,643,,642,,,,,
,644,,642,,,,,
,645,,642,,,,,
,647,,646,,,,,
,648,,646,,,,,
,650,,649,,,,,
,651,,649,,,,,
,653,,652,,,,,
,654,,652,,,,,
,655,,652,,,,,
,656,,652,,,,,
,657,,652,,,,,
,659,,658,,,,,
,393,,658,,,,,
,660,,658,,,,,
,101,,658,,,,,
,662,,661,,,,,
,663,,661,,,,,
,664,,661,,,,,
,665,,661,,,,,
,667,,666,,,,,
,668,,666,,,,,
,670,,669,,,,,
,671,,669,,,,,
,672,,669,,,,,
,674,,673,,,,,
,675,,673,,,,,
,676,,673,,,,,
,417,,673,,,,,
,678,,677,,,,,
,679,,677,,,,,
,680,,677,,,,,
,682,,681,,,,,
,683,,681,,,,,
,684,,681,,,,,
,685,,681,,,,,
,686,,681,,,,,
,687,,681,,,,,
,689,,688,,,,,
,690,,688,,,,,
,691,,688,,,,,
,692,,688,,,,,
,693,,688,,,,,
,694,,688,,,,,
,696,,695,,,,,
,698,,697,,,,,
,356,,697,,,,,
,700,,699,,,,,
,701,,699,,,,,
,693,,699,,,,,
,702,,699,,,,,
,694,,699,,,,,
,692,,699,,,,,
,706,,705,,,,,
,707,,705,,,,,
,151,,705,,,,,
,709,,708,,,,,
,710,,708,,,,,
,711,,708,,,,,
,712,,708,,,,,
,714,,713,,,,,
,715,,713,,,,,
,717,,716,,,,,
,83,,716,,,,,
,718,,716,,,,,
,206,,716,,,,,
,720,,719,,,,,
,721,,719,,,,,
,722,,719,,,,,
,723,,719,,,,,
,724,,719,,,,,
,725,,719,,,,,
,728,,727,,,,,
,729,,727,,,,,
,730,,727,,,,,
,731,,727,,,,,
,733,,732,,,,,
,734,,732,,,,,
,736,,735,,,,,
,737,,735,,,,,
,607,,735,,,,,
,739,,738,,,,,
,740,,738,,,,,
,741,,738,,,,,
,742,,738,,,,,
,743,,738,,,,,
,122,,744,,,,,
,745,,744,,,,,
,123,,744,,,,,
,124,,744,,,,,
,746,,744,,,,,
,749,,748,,,,,
,750,,748,,,,,
,752,,751,,,,,
,205,,751,,,,,
,753,,751,,,,,
,755,,754,,,,,
,756,,754,,,,,
,756,,757,,,,,
,758,,757,,,,,
,760,,759,,,,,
,761,,759,,,,,
,764,,763,,,,,
,765,,763,,,,,
,766,,763,,,,,
,767,,763,,,,,
,768,,763,,,,,
,770,,769,,,,,
,771,,769,,,,,
,772,,769,,,,,
,774,,773,,,,,
,775,,773,,,,,
,776,,773,,,,,
,777,,773,,,,,
,779,,778,,,,,
,780,,778,,,,,
,95,,778,,,,,
,781,,778,,,,,
,783,,782,,,,,
,784,,782,,,,,
,785,,782,,,,,
,786,,782,,,,,
,787,,782,,,,,
,788,,782,,,,,
,791,,790,,,,,
,792,,790,,,,,
,793,,790,,,,,
,794,,790,,,,,
,796,,795,,,,,
,797,,795,,,,,
,798,,795,,,,,
,799,,795,,,,,
,800,,795,,,,,
,801,,795,,,,,
,803,,802,,,,,
,804,,802,,,,,
,805,,802,,,,,
,807,,806,,,,,
,808,,806,,,,,
,810,,809,,,,,
,90,,809,,,,,
,92,,809,,,,,
,812,,811,,,,,
,813,,811,,,,,
,815,,814,,,,,
,816,,814,,,,,
,610,,814,,,,,
,817,,814,,,,,
,819,,818,,,,,
,820,,818,,,,,
,151,,818,,,,,
,822,,821,,,,,
,823,,821,,,,,
,824,,821,,,,,
,825,,821,,,,,
,826,,821,,,,,
,828,,827,,,,,
,829,,827,,,,,
,830,,827,,,,,
,832,,831,,,,,
,833,,831,,,,,
,289,,831,,,,,
,63,,831,,,,,
,835,,834,,,,,
,836,,834,,,,,
,837,,834,,,,,
,838,,834,,,,,
,840,,839,,,,,
,841,,839,,,,,
,843,,842,,,,,
,844,,842,,,,,
,846,,845,,,,,
,847,,845,,,,,
,324,,845,,,,,
,848,,845,,,,,
,849,,845,,,,,
,851,,850,,,,,
,852,,850,,,,,
,853,,850,,,,,
,854,,850,,,,,
,269,,850,,,,,
,855,,850,,,,,
,239,,856,,,,,
,857,,856,,,,,
,459,,856,,,,,
,859,,858,,,,,
,860,,858,,,,,
,861,,858,,,,,
,863,,862,,,,,
,864,,862,,,,,
,865,,862,,,,,
,866,,862,,,,,
,470,,862,,,,,
,868,,867,,,,,
,869,,867,,,,,
,871,,870,,,,,
,872,,870,,,,,
,873,,870,,,,,
,874,,870,,,,,
,875,,870,,,,,
,876,,870,,,,,
,877,,870,,,,,
,878,,870,,,,,
,461,,870,,,,,
,880,,879,,,,,
,881,,879,,,,,
,882,,879,,,,,
,724,,879,,,,,
,883,,879,,,,,
,884,,879,,,,,
,269,,879,,,,,
,885,,879,,,,,
,887,,886,,,,,
,888,,886,,,,,
,890,,889,,,,,
,891,,889,,,,,
,892,,889,,,,,
,894,,893,,,,,
,895,,893,,,,,
,896,,893,,,,,
,289,,893,,,,,
,898,,897,,,,,
,899,,897,,,,,
,900,,897,,,,,
,598,,897,,,,,
,901,,897,,,,,
,902,,897,,,,,
,903,,897,,,,,
,560,,904,,,,,
,905,,904,,,,,
,69,,904,,,,,
,906,,904,,,,,
,73,,904,,,,,
,908,,907,,,,,
,909,,907,,,,,
,231,,907,,,,,
,911,,910,,,,,
,207,,910,,,,,
,912,,910,,,,,
,914,,913,,,,,
,915,,913,,,,,
,223,,913,,,,,
,226,,913,,,,,
,917,,916,,,,,
,131,,916,,,,,
,550,,918,,,,,
,205,,918,,,,,
,920,,919,,,,,
,921,,919,,,,,
,922,,919,,,,,
,923,,919,,,,,
,924,,919,,,,,
,925,,919,,,,,
,927,,926,,,,,
,928,,926,,,,,
,929,,926,,,,,
,930,,926,,,,,
,932,,931,,,,,
,933,,931,,,,,
,934,,931,,,,,
,935,,931,,,,,
,936,,931,,,,,
,937,,931,,,,,
,938,,931,,,,,
,939,,931,,,,,
,940,,931,,,,,
,941,,931,,,,,
,942,,931,,,,,
,943,,931,,,,,
,946,,945,,,,,
,947,,945,,,,,
,949,,948,,,,,
,950,,948,,,,,
,951,,948,,,,,
,953,,952,,,,,
,954,,952,,,,,
,956,,955,,,,,
,957,,955,,,,,
,71,,955,,,,,
,930,,955,,,,,
,929,,955,,,,,
,959,,958,,,,,
,960,,958,,,,,
,961,,958,,,,,
,962,,958,,,,,
,963,,958,,,,,
,966,,965,,,,,
,967,,965,,,,,
,968,,965,,,,,
,970,,969,,,,,
,971,,969,,,,,
,972,,969,,,,,
,973,,969,,,,,
,35,,974,,,,,
,36,,974,,,,,
,459,,974,,,,,
,976,,975,,,,,
,977,,975,,,,,
,978,,975,,,,,
,979,,975,,,,,
,56,,980,,,,,
,981,,980,,,,,
,982,,980,,,,,
,985,,984,,,,,
,986,,984,,,,,
,987,,984,,,,,
,988,,984,,,,,
,985,,989,,,,,
,990,,989,,,,,
,991,,989,,,,,
,988,,989,,,,,
,993,,992,,,,,
,994,,992,,,,,
,995,,992,,,,,
,997,,996,,,,,
,998,,996,,,,,
,1000,,999,,,,,
,1001,,999,,,,,
,743,,999,,,,,
,1004,,1003,,,,,
,1005,,1003,,,,,
,1007,,1006,,,,,
,1008,,1006,,,,,
,1010,,1009,,,,,
,434,,1009,,,,,
,435,,1009,,,,,
,1011,,1009,,,,,
,1013,,1012,,,,,
,1014,,1012,,,,,
,77,,1012,,,,,
,1015,,1012,,,,,
,1017,,1016,,,,,
,1018,,1016,,,,,
,1019,,1016,,,,,
,362,,1016,,,,,
,1020,,1016,,,,,
,1021,,1016,,,,,
,792,,1023,,,,,
,791,,1023,,,,,
,794,,1023,,,,,
,1025,,1024,,,,,
,140,,1024,,,,,
,141,,1024,,,,,
,142,,1024,,,,,
,1027,,1026,,,,,
,435,,1026,,,,,
,434,,1026,,,,,
,1028,,1026,,,,,
,227,,1026,,,,,
,1030,,1029,,,,,
,1031,,1029,,,,,
,1032,,1029,,,,,
,1033,,1029,,,,,
,1035,,1034,,,,,
,1037,,1036,,,,,
,1038,,1036,,,,,
,1039,,1036,,,,,
,1040,,1036,,,,,
,482,,1036,,,,,
,1042,,1041,,,,,
,131,,1041,,,,,
,1044,,1043,,,,,
,1045,,1043,,,,,
,1046,,1043,,,,,
,1047,,1043,,,,,
,1049,,1048,,,,,
,1050,,1048,,,,,
,1051,,1048,,,,,
,1052,,1048,,,,,
,1054,,1053,,,,,
,1055,,1053,,,,,
,1056,,1053,,,,,
,1057,,1053,,,,,
,1058,,1053,,,,,
,722,,1059,,,,,
,720,,1059,,,,,
,723,,1059,,,,,
,721,,1059,,,,,
,1060,,1059,,,,,
,725,,1059,,,,,
,1062,,1061,,,,,
,1063,,1061,,,,,
,1064,,1061,,,,,
,87,,1061,,,,,
,1066,,1065,,,,,
,1067,,1065,,,,,
,460,,1065,,,,,
,1068,,1065,,,,,
,1069,,1065,,,,,
,1070,,1065,,,,,
,461,,1065,,,,,
,1072,,1071,,,,,
,1073,,1071,,,,,
,1074,,1071,,,,,
,1075,,1071,,,,,
,1076,,1071,,,,,
,1077,,1071,,,,,
,1078,,1071,,,,,
,1079,,1071,,,,,
,1081,,1080,,,,,
,1082,,1080,,,,,
,1083,,1080,,,,,
,1085,,1084,,,,,
,1086,,1084,,,,,
,199,,1084,,,,,
,1087,,1084,,,,,
,1088,,1084,,,,,
,1089,,1084,,,,,
,1091,,1090,,,,,
,1092,,1090,,,,,
,1093,,1090,,,,,
,305,,1094,,,,,
,304,,1094,,,,,
,303,,1094,,,,,
,1095,,1094,,,,,
,1096,,1094,,,,,
,859,,1097,,,,,
,860,,1097,,,,,
,861,,1097,,,,,
,1099,,1098,,,,,
,570,,1098,,,,,
,1101,,1100,,,,,
,631,,1100,,,,,
,327,,1102,,,,,
,1103,,1102,,,,,
,1104,,1102,,,,,
,1105,,1102,,,,,
,63,,1102,,,,,
,84,,1102,,,,,
,79,,1102,,,,,
,289,,1102,,,,,
,1107,,1106,,,,,
,1108,,1106,,,,,
,1109,,1106,,,,,
,1110,,1106,,,,,
,1112,,1111,,,,,
,1113,,1111,,,,,
,1114,,1111,,,,,
,1115,,1111,,,,,
,1117,,1116,,,,,
,1118,,1116,,,,,
,77,,1116,,,,,
,1120,,1119,,,,,
,1121,,1119,,,,,
,1122,,1119,,,,,
,1123,,1119,,,,,
,1125,,1124,,,,,
,1126,,1124,,,,,
,543,,1124,,,,,
,1127,,1124,,,,,
,590,,1128,,,,,
,1129,,1128,,,,,
,142,,1128,,,,,
,199,,1128,,,,,
,1130,,1128,,,,,
,1132,,1131,,,,,
,1133,,1131,,,,,
,1134,,1131,,,,,
,1135,,1131,,,,,
,585,,1131,,,,,
,586,,1131,,,,,
,1136,,1131,,,,,
,587,,1131,,,,,
,1138,,1137,,,,,
,1139,,1137,,,,,
,1140,,1137,,,,,
,1141,,1137,,,,,
,1142,,1137,,,,,
,1143,,1137,,,,,
,1144,,1137,,,,,
,1146,,1145,,,,,
,1147,,1145,,,,,
,1148,,1145,,,,,
,1149,,1145,,,,,
,791,,1145,,,,,
,794,,1145,,,,,
,1151,,1150,,,,,
,1152,,1150,,,,,
,1154,,1153,,,,,
,1062,,1153,,,,,
,1155,,1153,,,,,
,1156,,1153,,,,,
,87,,1153,,,,,
,1158,,1157,,,,,
,1159,,1157,,,,,
,1160,,1157,,,,,
,1161,,1157,,,,,
,1162,,1157,,,,,
,1164,,1163,,,,,
,1165,,1163,,,,,
,1166,,1163,,,,,
,1167,,1163,,,,,
,805,,1163,,,,,
,590,,1168,,,,,
,1169,,1168,,,,,
,1025,,1168,,,,,
,198,,1168,,,,,
,142,,1168,,,,,
,199,,1168,,,,,
,141,,1168,,,,,
,1171,,1170,,,,,
,1172,,1170,,,,,
,1174,,1173,,,,,
,1175,,1173,,,,,
,1176,,1173,,,,,
,1177,,1173,,,,,
,1178,,1173,,,,,
,1179,,1173,,,,,
,1180,,1173,,,,,
,1181,,1173,,,,,
,1182,,1173,,,,,
,1183,,1173,,,,,
,1184,,1173,,,,,
,1185,,1173,,,,,
,1186,,1173,,,,,
,1188,,1187,,,,,
,805,,1187,,,,,
,1192,,1191,,,,,
,1193,,1191,,,,,
,1195,,1194,,,,,
,1196,,1194,,,,,
,1197,,1194,,,,,
,1198,,1194,,,,,
,1199,,1194,,,,,
,1200,,1194,,,,,
,1202,,1201,,,,,
,1203,,1201,,,,,
,304,,1201,,,,,
,1204,,1201,,,,,
,631,,1201,,,,,
,1206,,1205,,,,,
,1207,,1205,,,,,
,1208,,1205,,,,,
,1209,,1205,,,,,
,1103,,1210,,,,,
,1211,,1210,,,,,
,1212,,1210,,,,,
,79,,1210,,,,,
,1215,,1214,,,,,
,1216,,1214,,,,,
,511,,1214,,,,,
,731,,1214,,,,,
,1218,,1217,,,,,
,1219,,1217,,,,,
,1220,,1217,,,,,
,724,,1217,,,,,
,204,,1221,,,,,
,1118,,1221,,,,,
,1222,,1221,,,,,
,1223,,1221,,,,,
,1224,,1221,,,,,
,1225,,1221,,,,,
,77,,1221,,,,,
,1227,,1226,,,,,
,65,,1226,,,,,
,1228,,1226,,,,,
,1229,,1226,,,,,
,1231,,1230,,,,,
,1232,,1230,,,,,
,1233,,1230,,,,,
,1234,,1230,,,,,
,1235,,1230,,,,,
,1238,,1237,,,,,
,1239,,1237,,,,,
,1240,,1237,,,,,
,1241,,1237,,,,,
,1242,,1237,,,,,
,1243,,1237,,,,,
,1244,,1237,,,,,
,1245,,1237,,,,,
,843,,1246,,,,,
,456,,1246,,,,,
,1248,,1247,,,,,
,1249,,1247,,,,,
,1250,,1247,,,,,
,268,,1247,,,,,
,269,,1247,,,,,
,1252,,1251,,,,,
,131,,1251,,,,,
,1254,,1253,,,,,
,1255,,1253,,,,,
,1256,,1253,,,,,
,63,,1253,,,,,
,1259,,1258,,,,,
,1260,,1258,,,,,
,459,,1258,,,,,
,1262,,1261,,,,,
,1263,,1261,,,,,
,1264,,1261,,,,,
,1265,,1261,,,,,
,1267,,1266,,,,,
,1268,,1266,,,,,
,1269,,1266,,,,,
,1270,,1266,,,,,
,211,,1266,,,,,
,1271,,1266,,,,,
,1272,,1266,,,,,
,261,,1273,,,,,
,1099,,1273,,,,,
,87,,1273,,,,,
,1275,,1274,,,,,
,1276,,1274,,,,,
,153,,1274,,,,,
,1277,,1274,,,,,
,801,,1274,,,,,
,800,,1274,,,,,
,460,,1274,,,,,
,461,,1274,,,,,
,1280,,1279,,,,,
,1281,,1279,,,,,
,1283,,1282,,,,,
,1284,,1282,,,,,
,1285,,1282,,,,,
,1287,,1286,,,,,
,1288,,1286,,,,,
,1289,,1286,,,,,
,1290,,1286,,,,,
,1291,,1286,,,,,
,1292,,1286,,,,,
,1293,,1286,,,,,
,1294,,1286,,,,,
,576,,1286,,,,,
,1295,,1286,,,,,
,1297,,1296,,,,,
,1298,,1296,,,,,
,1299,,1296,,,,,
,1300,,1296,,,,,
,1301,,1296,,,,,
,1303,,1302,,,,,
,1304,,1302,,,,,
,863,,1302,,,,,
,1305,,1302,,,,,
,1306,,1302,,,,,
,1307,,1302,,,,,
,470,,1302,,,,,
,1309,,1308,,,,,
,1310,,1308,,,,,
,1311,,1308,,,,,
,1312,,1308,,,,,
,1313,,1308,,,,,
,1314,,1308,,,,,
,1315,,1308,,,,,
,1317,,1316,,,,,
,1318,,1316,,,,,
,1319,,1316,,,,,
,1320,,1316,,,,,
,1322,,1321,,,,,
,1323,,1321,,,,,
,1324,,1321,,,,,
,1326,,1325,,,,,
,1327,,1325,,,,,
,1328,,1325,,,,,
,1329,,1325,,,,,
,1331,,1330,,,,,
,1332,,1330,,,,,
,1333,,1330,,,,,
,1334,,1330,,,,,
,1335,,1330,,,,,
,1337,,1336,,,,,
,1338,,1336,,,,,
,1340,,1339,,,,,
,1341,,1339,,,,,
,1343,,1342,,,,,
,1344,,1342,,,,,
,1345,,1342,,,,,
,1346,,1342,,,,,
,1348,,1347,,,,,
,1349,,1347,,,,,
,1350,,1347,,,,,
,1352,,1351,,,,,
,1353,,1351,,,,,
,1354,,1351,,,,,
,1355,,1351,,,,,
,1356,,1351,,,,,
,1358,,1357,,,,,
,1359,,1357,,,,,
,1360,,1357,,,,,
,1361,,1357,,,,,
,1362,,1357,,,,,
,1363,,1357,,,,,
,1364,,1357,,,,,
,1254,,1365,,,,,
,1366,,1365,,,,,
,1367,,1365,,,,,
,1368,,1365,,,,,
,1369,,1365,,,,,
,1370,,1365,,,,,
,1372,,1371,,,,,
,1373,,1371,,,,,
,1375,,1374,,,,,
,1376,,1374,,,,,
,1377,,1374,,,,,
,1378,,1374,,,,,
,1379,,1374,,,,,
,1381,,1380,,,,,
,148,,1380,,,,,
,1383,,1382,,,,,
,1384,,1382,,,,,
,1385,,1382,,,,,
,1285,,1382,,,,,
,1387,,1386,,,,,
,1388,,1386,,,,,
,1389,,1386,,,,,
,1373,,1386,,,,,
,1390,,1386,,,,,
,1392,,1391,,,,,
,1126,,1391,,,,,
,760,,1393,,,,,
,761,,1393,,,,,
,1395,,1394,,,,,
,1396,,1394,,,,,
,1397,,1394,,,,,
,1399,,1398,,,,,
,1400,,1398,,,,,
,1401,,1398,,,,,
,1402,,1398,,,,,
,1404,,1403,,,,,
,1405,,1403,,,,,
,1407,,1406,,,,,
,1408,,1406,,,,,
,1409,,1406,,,,,
,1411,,1410,,,,,
,1412,,1410,,,,,
,1413,,1410,,,,,
,1417,,1416,,,,,
,1418,,1416,,,,,
,1419,,1416,,,,,
,1420,,1416,,,,,
,1422,,1421,,,,,
,1423,,1421,,,,,
,1424,,1421,,,,,
,639,,1421,,,,,
,1425,,1421,,,,,
,1426,,1421,,,,,
,1428,,1427,,,,,
,1429,,1427,,,,,
,1430,,1427,,,,,
,1431,,1427,,,,,
,1433,,1432,,,,,
,1434,,1432,,,,,
,1435,,1432,,,,,
,1436,,1432,,,,,
,1438,,1437,,,,,
,1439,,1437,,,,,
,1440,,1437,,,,,
,1441,,1437,,,,,
,570,,1437,,,,,
,1444,,1443,,,,,
,1446,,1445,,,,,
,1447,,1445,,,,,
,680,,1445,,,,,
,1449,,1448,,,,,
,95,,1448,,,,,
,1451,,1450,,,,,
,1452,,1450,,,,,
,1454,,1453,,,,,
,1455,,1453,,,,,
,1456,,1453,,,,,
,1457,,1453,,,,,
,1458,,1453,,,,,
,1459,,1453,,,,,
,1462,,1461,,,,,
,1463,,1461,,,,,
,1464,,1461,,,,,
,1179,,1461,,,,,
,1466,,1465,,,,,
,1467,,1465,,,,,
,1468,,1465,,,,,
,1469,,1465,,,,,
,1471,,1470,,,,,
,1472,,1470,,,,,
,1473,,1470,,,,,
,1474,,1470,,,,,
,1475,,1470,,,,,
,1477,,1476,,,,,
,1478,,1476,,,,,
,1480,,1479,,,,,
,1481,,1479,,,,,
,1482,,1479,,,,,
,1485,,1484,,,,,
,801,,1484,,,,,
,1486,,1484,,,,,
,1488,,1487,,,,,
,825,,1487,,,,,
,1490,,1489,,,,,
,1491,,1489,,,,,
,1493,,1492,,,,,
,1494,,1492,,,,,
,1496,,1495,,,,,
,1497,,1495,,,,,
,1500,,1499,,,,,
,1501,,1499,,,,,
,643,,1499,,,,,
,1502,,1499,,,,,
,1503,,1499,,,,,
,1504,,1499,,,,,
,1506,,1505,,,,,
,1507,,1505,,,,,
,1508,,1505,,,,,
,1509,,1505,,,,,
,1510,,1505,,,,,
,1512,,1511,,,,,
,1513,,1511,,,,,
,1515,,1514,,,,,
,1516,,1514,,,,,
,1517,,1514,,,,,
,1519,,1518,,,,,
,1520,,1518,,,,,
,1521,,1518,,,,,
,1523,,1522,,,,,
,1242,,1522,,,,,
,1525,,1524,,,,,
,1526,,1524,,,,,
,366,,1524,,,,,
,1528,,1527,,,,,
,1529,,1527,,,,,
,1530,,1527,,,,,
,1532,,1531,,,,,
,1533,,1531,,,,,
,1534,,1531,,,,,
,1535,,1531,,,,,
,1537,,1536,,,,,
,1538,,1536,,,,,
,1539,,1536,,,,,
,1540,,1536,,,,,
,1542,,1541,,,,,
,91,,1541,,,,,
,273,,1541,,,,,
,274,,1541,,,,,
,92,,1541,,,,,
,1544,,1543,,,,,
,1545,,1543,,,,,
,1547,,1546,,,,,
,1548,,1546,,,,,
,1549,,1546,,,,,
,1550,,1546,,,,,
,1552,,1551,,,,,
,1554,,1553,,,,,
,1555,,1553,,,,,
,1556,,1553,,,,,
,1557,,1553,,,,,
,1558,,1553,,,,,
,394,,1559,,,,,
,101,,1559,,,,,
,98,,1559,,,,,
,1560,,1559,,,,,
,1561,,1559,,,,,
,1563,,1562,,,,,
,1545,,1562,,,,,
,1564,,1562,,,,,
,1565,,1562,,,,,
,1567,,1566,,,,,
,1507,,1566,,,,,
,1122,,1566,,,,,
,1568,,1566,,,,,
,1570,,1569,,,,,
,1284,,1569,,,,,
,1122,,1569,,,,,
,1572,,1571,,,,,
,1573,,1571,,,,,
,515,,1571,,,,,
,1575,,1574,,,,,
,1576,,1574,,,,,
,1578,,1577,,,,,
,1579,,1577,,,,,
,219,,1577,,,,,
,1581,,1580,,,,,
,1582,,1580,,,,,
,1583,,1580,,,,,
,1584,,1580,,,,,
,1585,,1580,,,,,
,1587,,1586,,,,,
,1588,,1586,,,,,
,1590,,1589,,,,,
,1591,,1589,,,,,
,1593,,1592,,,,,
,1594,,1592,,,,,
,1596,,1595,,,,,
,712,,1595,,,,,
,1597,,1595,,,,,
,1599,,1598,,,,,
,1600,,1598,,,,,
,1602,,1601,,,,,
,1603,,1601,,,,,
,1604,,1601,,,,,
,1606,,1605,,,,,
,1607,,1605,,,,,
,1608,,1605,,,,,
,87,,1605,,,,,
,1610,,1609,,,,,
,1611,,1609,,,,,
,1612,,1609,,,,,
,1614,,1613,,,,,
,1615,,1613,,,,,
,1621,,1620,,,,,
,1622,,1620,,,,,
,1623,,1620,,,,,
,1624,,1620,,,,,
,1625,,1620,,,,,
,1627,,1626,,,,,
,1628,,1626,,,,,
,1630,,1629,,,,,
,1631,,1629,,,,,
,1632,,1629,,,,,
,1633,,1629,,,,,
,1634,,1629,,,,,
,1635,,1629,,,,,
,1637,,1636,,,,,
,1299,,1636,,,,,
,1298,,1636,,,,,
,1638,,1636,,,,,
,1509,,1636,,,,,
,1639,,1636,,,,,
,1641,,1640,,,,,
,1642,,1640,,,,,
,1645,,1644,,,,,
,199,,1644,,,,,
,1646,,1644,,,,,
,1647,,1644,,,,,
,365,,1648,,,,,
,1649,,1648,,,,,
,1650,,1648,,,,,
,367,,1648,,,,,
,366,,1648,,,,,
,1651,,1648,,,,,
,1653,,1652,,,,,
,1654,,1652,,,,,
,1655,,1652,,,,,
,1656,,1652,,,,,
,1657,,1652,,,,,
,627,,1658,,,,,
,1659,,1658,,,,,
,439,,1658,,,,,
,1661,,1660,,,,,
,1597,,1660,,,,,
,712,,1660,,,,,
,1664,,1663,,,,,
,1665,,1663,,,,,
,1666,,1663,,,,,
,1667,,1663,,,,,
,1668,,1663,,,,,
,1670,,1669,,,,,
,1671,,1669,,,,,
,1075,,1669,,,,,
,1673,,1672,,,,,
,1674,,1672,,,,,
,1675,,1672,,,,,
,295,,1672,,,,,
,1677,,1676,,,,,
,1678,,1676,,,,,
,1679,,1676,,,,,
,1680,,1676,,,,,
,1681,,1676,,,,,
,1682,,1676,,,,,
,1683,,1676,,,,,
,1685,,1684,,,,,
,979,,1684,,,,,
,978,,1684,,,,,
,1688,,1687,,,,,
,1600,,1687,,,,,
,1690,,1689,,,,,
,1692,,1691,,,,,
,1693,,1691,,,,,
,1694,,1691,,,,,
,1695,,1691,,,,,
,1468,,1691,,,,,
,1697,,1696,,,,,
,1698,,1696,,,,,
,912,,1696,,,,,
,205,,1696,,,,,
,1699,,1696,,,,,
,207,,1696,,,,,
,1701,,1700,,,,,
,245,,1700,,,,,
,1704,,1703,,,,,
,1705,,1703,,,,,
,1706,,1703,,,,,
,1707,,1703,,,,,
,1709,,1708,,,,,
,1710,,1708,,,,,
,1712,,1711,,,,,
,564,,1711,,,,,
,1713,,1711,,,,,
,1715,,1714,,,,,
,164,,1714,,,,,
,1716,,1714,,,,,
,1717,,1714,,,,,
,1719,,1718,,,,,
,1720,,1718,,,,,
,1722,,1721,,,,,
,1723,,1721,,,,,
,692,,1721,,,,,
,1725,,1724,,,,,
,1726,,1724,,,,,
,1727,,1724,,,,,
,1729,,1728,,,,,
,1730,,1728,,,,,
,1732,,1731,,,,,
,1733,,1731,,,,,
,1734,,1731,,,,,
,1735,,1731,,,,,
,1737,,1736,,,,,
,1639,,1736,,,,,
,1739,,1738,,,,,
,1332,,1738,,,,,
,1740,,1738,,,,,
,1741,,1738,,,,,
,1334,,1738,,,,,
,1742,,1738,,,,,
,1744,,1743,,,,,
,1745,,1743,,,,,
,1747,,1746,,,,,
,1748,,1746,,,,,
,1650,,1746,,,,,
,1750,,1749,,,,,
,553,,1749,,,,,
,1751,,1749,,,,,
,859,,1752,,,,,
,860,,1752,,,,,
,861,,1752,,,,,
,1753,,1752,,,,,
,1755,,1754,,,,,
,1741,,1754,,,,,
,1756,,1754,,,,,
,1332,,1754,,,,,
,1742,,1754,,,,,
,1757,,1754,,,,,
,1759,,1758,,,,,
,1760,,1758,,,,,
,1405,,1758,,,,,
,1761,,1758,,,,,
,1763,,1762,,,,,
,1764,,1762,,,,,
,1765,,1762,,,,,
,1042,,1762,,,,,
,1766,,1762,,,,,
,1110,,1762,,,,,
,1768,,1767,,,,,
,1769,,1767,,,,,
,1770,,1767,,,,,
,1772,,1771,,,,,
,1773,,1771,,,,,
,1774,,1771,,,,,
,1776,,1775,,,,,
,1481,,1775,,,,,
,1778,,1777,,,,,
,1779,,1777,,,,,
,1780,,1777,,,,,
,227,,1777,,,,,
,1782,,1781,,,,,
,1783,,1781,,,,,
,1784,,1781,,,,,
,1785,,1781,,,,,
,633,,1781,,,,,
,1787,,1786,,,,,
,1788,,1786,,,,,
,1789,,1786,,,,,
,1790,,1786,,,,,
,142,,1786,,,,,
,199,,1786,,,,,
,1792,,1791,,,,,
,1793,,1791,,,,,
,1794,,1791,,,,,
,227,,1791,,,,,
,1796,,1795,,,,,
,692,,1795,,,,,
,1797,,1795,,,,,
,700,,1795,,,,,
,1798,,1795,,,,,
,1800,,1799,,,,,
,1801,,1799,,,,,
,1802,,1799,,,,,
,1803,,1799,,,,,
,78,,1799,,,,,
,1804,,1799,,,,,
,1806,,1805,,,,,
,1807,,1805,,,,,
,1808,,1805,,,,,
,1810,,1809,,,,,
,1811,,1809,,,,,
,1802,,1809,,,,,
,1813,,1812,,,,,
,1814,,1812,,,,,
,1815,,1812,,,,,
,1816,,1812,,,,,
,1817,,1812,,,,,
,1818,,1812,,,,,
,1819,,1812,,,,,
,1820,,1812,,,,,
,1821,,1812,,,,,
,1823,,1822,,,,,
,1824,,1822,,,,,
,1825,,1822,,,,,
,1827,,1826,,,,,
,1828,,1826,,,,,
,1829,,1826,,,,,
,1830,,1826,,,,,
,1831,,1826,,,,,
,1835,,1834,,,,,
,1836,,1834,,,,,
,1837,,1834,,,,,
,1838,,1834,,,,,
,1839,,1834,,,,,
,1840,,1834,,,,,
,1841,,1834,,,,,
,1835,,1842,,,,,
,1838,,1842,,,,,
,1843,,1842,,,,,
,1840,,1842,,,,,
,1841,,1842,,,,,
,1845,,1844,,,,,
,1846,,1844,,,,,
,209,,1844,,,,,
,1847,,1844,,,,,
,151,,1844,,,,,
,1849,,1848,,,,,
,1850,,1848,,,,,
,1851,,1848,,,,,
,1853,,1852,,,,,
,1854,,1852,,,,,
,1855,,1852,,,,,
,1770,,1852,,,,,
,1858,,1857,,,,,
,1859,,1857,,,,,
,1860,,1857,,,,,
,1861,,1857,,,,,
,354,,1857,,,,,
,967,,1857,,,,,
,1245,,1857,,,,,
,275,,1857,,,,,
,421,,1857,,,,,
,1863,,1862,,,,,
,1864,,1862,,,,,
,1865,,1862,,,,,
,1866,,1862,,,,,
,805,,1862,,,,,
,1868,,1867,,,,,
,459,,1867,,,,,
,1870,,1869,,,,,
,1871,,1869,,,,,
,1872,,1869,,,,,
,1873,,1869,,,,,
,1874,,1869,,,,,
,156,,1875,,,,,
,1876,,1875,,,,,
,1877,,1875,,,,,
,157,,1875,,,,,
,1878,,1875,,,,,
,1881,,1880,,,,,
,1882,,1880,,,,,
,914,,1883,,,,,
,1884,,1883,,,,,
,1885,,1883,,,,,
,1585,,1883,,,,,
,187,,1886,,,,,
,1887,,1886,,,,,
,1888,,1886,,,,,
,1104,,1886,,,,,
,1889,,1886,,,,,
,645,,1886,,,,,
,1891,,1890,,,,,
,100,,1890,,,,,
,797,,1890,,,,,
,1892,,1890,,,,,
,481,,1893,,,,,
,1894,,1893,,,,,
,1895,,1893,,,,,
,1896,,1893,,,,,
,482,,1893,,,,,
,1899,,1898,,,,,
,1900,,1898,,,,,
,1902,,1901,,,,,
,1903,,1901,,,,,
,1904,,1901,,,,,
,1905,,1901,,,,,
,1906,,1901,,,,,
,1908,,1907,,,,,
,718,,1907,,,,,
,1909,,1907,,,,,
,289,,1907,,,,,
,1910,,1907,,,,,
,206,,1907,,,,,
,1912,,1911,,,,,
,1913,,1911,,,,,
,1798,,1911,,,,,
,1914,,1911,,,,,
,1916,,1915,,,,,
,1917,,1915,,,,,
,1918,,1915,,,,,
,1919,,1915,,,,,
,1920,,1915,,,,,
,1923,,1922,,,,,
,91,,1922,,,,,
,1924,,1922,,,,,
,1925,,1922,,,,,
,92,,1922,,,,,
,1926,,1922,,,,,
,1928,,1927,,,,,
,1196,,1927,,,,,
,1197,,1927,,,,,
,1929,,1927,,,,,
,160,,1927,,,,,
,1931,,1930,,,,,
,1932,,1930,,,,,
,1933,,1930,,,,,
,1935,,1934,,,,,
,1936,,1934,,,,,
,1937,,1934,,,,,
,1938,,1934,,,,,
,1940,,1939,,,,,
,1015,,1939,,,,,
,1941,,1939,,,,,
,1942,,1939,,,,,
,1944,,1943,,,,,
,1945,,1943,,,,,
,1946,,1943,,,,,
,1947,,1943,,,,,
,1949,,1948,,,,,
,366,,1948,,,,,
,1950,,1948,,,,,
,1426,,1948,,,,,
,1951,,1948,,,,,
,1510,,1948,,,,,
,1953,,1952,,,,,
,1954,,1952,,,,,
,1955,,1952,,,,,
,1956,,1952,,,,,
,1958,,1957,,,,,
,1905,,1957,,,,,
,1903,,1957,,,,,
,1959,,1957,,,,,
,1906,,1957,,,,,
,1961,,1960,,,,,
,1298,,1960,,,,,
,1301,,1960,,,,,
,1962,,1960,,,,,
,1426,,1960,,,,,
,1751,,1960,,,,,
,465,,1960,,,,,
,1964,,1963,,,,,
,1965,,1963,,,,,
,1966,,1963,,,,,
,1967,,1963,,,,,
,898,,1968,,,,,
,598,,1968,,,,,
,900,,1968,,,,,
,899,,1968,,,,,
,901,,1968,,,,,
,902,,1968,,,,,
,1969,,1968,,,,,
,1970,,1968,,,,,
,1971,,1968,,,,,
,1972,,1968,,,,,
,1973,,1968,,,,,
,903,,1968,,,,,
,1975,,1974,,,,,
,1976,,1974,,,,,
,1978,,1977,,,,,
,1979,,1977,,,,,
,972,,1977,,,,,
,1980,,1977,,,,,
,1981,,1977,,,,,
,1982,,1977,,,,,
,393,,1983,,,,,
,98,,1983,,,,,
,394,,1983,,,,,
,101,,1983,,,,,
,1985,,1984,,,,,
,1209,,1984,,,,,
,1987,,1986,,,,,
,199,,1986,,,,,
,1645,,1986,,,,,
,1647,,1986,,,,,
,1989,,1988,,,,,
,1990,,1988,,,,,
,1991,,1988,,,,,
,1992,,1988,,,,,
,1994,,1993,,,,,
,1995,,1993,,,,,
,895,,1993,,,,,
,1996,,1993,,,,,
,1998,,1997,,,,,
,153,,1997,,,,,
,95,,1997,,,,,
,1999,,1997,,,,,
,2000,,1997,,,,,
,2002,,2001,,,,,
,2003,,2001,,,,,
,2004,,2001,,,,,
,2005,,2001,,,,,
,2007,,2006,,,,,
,1998,,2006,,,,,
,150,,2006,,,,,
,153,,2006,,,,,
,1999,,2006,,,,,
,2009,,2008,,,,,
,753,,2008,,,,,
,2011,,2010,,,,,
,783,,2010,,,,,
,1232,,2010,,,,,
,787,,2010,,,,,
,2012,,2010,,,,,
,2014,,2013,,,,,
,2015,,2013,,,,,
,2017,,2016,,,,,
,2018,,2016,,,,,
,2019,,2016,,,,,
,2020,,2016,,,,,
,2021,,2016,,,,,
,2023,,2022,,,,,
,95,,2022,,,,,
,970,,2024,,,,,
,971,,2024,,,,,
,972,,2024,,,,,
,973,,2024,,,,,
,2026,,2025,,,,,
,2027,,2025,,,,,
,1680,,2025,,,,,
,1298,,2025,,,,,
,1751,,2025,,,,,
,465,,2025,,,,,
,2029,,2028,,,,,
,2030,,2028,,,,,
,439,,2028,,,,,
,2032,,2031,,,,,
,1763,,2031,,,,,
,1110,,2031,,,,,
,2034,,2033,,,,,
,2035,,2033,,,,,
,805,,2033,,,,,
,1776,,2036,,,,,
,2037,,2036,,,,,
,1481,,2036,,,,,
,2039,,2038,,,,,
,2040,,2038,,,,,
,2042,,2041,,,,,
,2043,,2041,,,,,
,2044,,2041,,,,,
,2045,,2041,,,,,
,91,,2041,,,,,
,92,,2041,,,,,
,2047,,2046,,,,,
,2049,,2048,,,,,
,2050,,2048,,,,,
,2051,,2048,,,,,
,2053,,2052,,,,,
,2054,,2052,,,,,
,2056,,2055,,,,,
,2057,,2055,,,,,
,2058,,2055,,,,,
,153,,2055,,,,,
,2059,,2055,,,,,
,2061,,2060,,,,,
,2062,,2060,,,,,
,2063,,2060,,,,,
,2064,,2060,,,,,
,2066,,2065,,,,,
,2067,,2065,,,,,
,2068,,2065,,,,,
,2070,,2069,,,,,
,2071,,2069,,,,,
,908,,2072,,,,,
,2073,,2072,,,,,
,231,,2072,,,,,
,2075,,2074,,,,,
,1902,,2074,,,,,
,1905,,2074,,,,,
,1903,,2074,,,,,
,1906,,2074,,,,,
,1824,,2076,,,,,
,1825,,2076,,,,,
,2080,,2079,,,,,
,2081,,2079,,,,,
,633,,2079,,,,,
,2083,,2082,,,,,
,963,,2082,,,,,
,2084,,2082,,,,,
,2085,,2082,,,,,
,2087,,2086,,,,,
,2088,,2086,,,,,
,95,,2086,,,,,
,2090,,2089,,,,,
,2091,,2089,,,,,
,2092,,2089,,,,,
,2093,,2089,,,,,
,1225,,2089,,,,,
,1224,,2089,,,,,
,2095,,2094,,,,,
,1405,,2094,,,,,
,333,,2097,,,,,
,1507,,2097,,,,,
,2098,,2097,,,,,
,1426,,2097,,,,,
,1510,,2097,,,,,
,2100,,2099,,,,,
,2101,,2099,,,,,
,2102,,2099,,,,,
,1260,,2099,,,,,
,2104,,2103,,,,,
,1591,,2103,,,,,
,2105,,2103,,,,,
,2106,,2103,,,,,
,2107,,2103,,,,,
,1133,,2108,,,,,
,712,,2108,,,,,
,2109,,2108,,,,,
,2110,,2108,,,,,
,1568,,2108,,,,,
,2112,,2111,,,,,
,2113,,2111,,,,,
,1581,,2111,,,,,
,1583,,2111,,,,,
,2114,,2111,,,,,
,393,,2116,,,,,
,98,,2116,,,,,
,659,,2116,,,,,
,395,,2116,,,,,
,2117,,2116,,,,,
,101,,2116,,,,,
,2119,,2118,,,,,
,2120,,2118,,,,,
,1649,,2118,,,,,
,2121,,2118,,,,,
,2123,,2122,,,,,
,128,,2122,,,,,
,2125,,2124,,,,,
,2126,,2124,,,,,
,2127,,2124,,,,,
,2128,,2124,,,,,
,2130,,2129,,,,,
,2131,,2129,,,,,
,2132,,2129,,,,,
,2133,,2129,,,,,
,2136,,2135,,,,,
,954,,2135,,,,,
,2138,,2137,,,,,
,362,,2139,,,,,
,2140,,2139,,,,,
,2142,,2141,,,,,
,1152,,2141,,,,,
,816,,2143,,,,,
,2144,,2143,,,,,
,701,,2143,,,,,
,2145,,2143,,,,,
,1017,,2147,,,,,
,1019,,2147,,,,,
,1020,,2147,,,,,
,2148,,2147,,,,,
,1021,,2147,,,,,
,2150,,2149,,,,,
,2151,,2149,,,,,
,805,,2149,,,,,
,2153,,2152,,,,,
,2154,,2152,,,,,
,245,,2152,,,,,
,2156,,2155,,,,,
,2157,,2155,,,,,
,1508,,2158,,,,,
,1507,,2158,,,,,
,2159,,2158,,,,,
,2160,,2158,,,,,
,2161,,2158,,,,,
,1510,,2158,,,,,
,2163,,2162,,,,,
,2164,,2162,,,,,
,2165,,2162,,,,,
,2166,,2162,,,,,
,2167,,2162,,,,,
,2168,,2162,,,,,
,2169,,2162,,,,,
,630,,2170,,,,,
,195,,2170,,,,,
,2171,,2170,,,,,
,2172,,2170,,,,,
,1370,,2170,,,,,
,2174,,2173,,,,,
,2175,,2173,,,,,
,2176,,2173,,,,,
,2177,,2173,,,,,
,2178,,2173,,,,,
,43,,2173,,,,,
,2179,,2173,,,,,
,2180,,2173,,,,,
,859,,2181,,,,,
,860,,2181,,,,,
,861,,2181,,,,,
,2183,,2182,,,,,
,610,,2182,,,,,
,2185,,2184,,,,,
,2186,,2184,,,,,
,2187,,2184,,,,,
,970,,2184,,,,,
,542,,2188,,,,,
,2189,,2188,,,,,
,541,,2188,,,,,
,2190,,2188,,,,,
,2191,,2188,,,,,
,2192,,2188,,,,,
,2193,,2188,,,,,
,2194,,2188,,,,,
,2196,,2195,,,,,
,2197,,2195,,,,,
,2198,,2195,,,,,
,2199,,2195,,,,,
,1475,,2195,,,,,
,2201,,2200,,,,,
,629,,2200,,,,,
,1011,,2200,,,,,
,1001,,2202,,,,,
,1000,,2202,,,,,
,743,,2202,,,,,
,2204,,2203,,,,,
,2205,,2203,,,,,
,36,,2203,,,,,
,2206,,2203,,,,,
,2208,,2207,,,,,
,2209,,2207,,,,,
,2210,,2207,,,,,
,2211,,2207,,,,,
,2212,,2207,,,,,
,394,,2213,,,,,
,1561,,2213,,,,,
,660,,2213,,,,,
,1892,,2213,,,,,
,101,,2213,,,,,
,2209,,2214,,,,,
,2208,,2214,,,,,
,2210,,2214,,,,,
,2211,,2214,,,,,
,2212,,2214,,,,,
,2216,,2215,,,,,
,2217,,2215,,,,,
,2219,,2218,,,,,
,2220,,2218,,,,,
,2221,,2218,,,,,
,2223,,2222,,,,,
,2224,,2222,,,,,
,2225,,2222,,,,,
,2226,,2222,,,,,
,2227,,2222,,,,,
,2229,,2228,,,,,
,2230,,2228,,,,,
,2231,,2228,,,,,
,2233,,2232,,,,,
,2234,,2232,,,,,
,753,,2232,,,,,
,2236,,2235,,,,,
,962,,2235,,,,,
,2051,,2235,,,,,
,2238,,2237,,,,,
,2239,,2237,,,,,
,2240,,2237,,,,,
,2242,,2241,,,,,
,2243,,2241,,,,,
,2244,,2241,,,,,
,295,,2241,,,,,
,2246,,2245,,,,,
,2247,,2245,,,,,
,2248,,2245,,,,,
,2249,,2245,,,,,
,2251,,2250,,,,,
,2252,,2250,,,,,
,200,,2250,,,,,
,142,,2250,,,,,
,201,,2250,,,,,
,199,,2250,,,,,
,1667,,2250,,,,,
,2253,,2250,,,,,
,177,,2254,,,,,
,163,,2254,,,,,
,162,,2254,,,,,
,2255,,2254,,,,,
,148,,2254,,,,,
,166,,2254,,,,,
,2257,,2256,,,,,
,1675,,2256,,,,,
,2259,,2258,,,,,
,2260,,2258,,,,,
,515,,2258,,,,,
,2262,,2261,,,,,
,2263,,2261,,,,,
,2265,,2264,,,,,
,2266,,2264,,,,,
,2267,,2264,,,,,
,2268,,2264,,,,,
,2270,,2269,,,,,
,2271,,2269,,,,,
,2272,,2269,,,,,
,2273,,2269,,,,,
,2274,,2269,,,,,
,2275,,2269,,,,,
,2276,,2269,,,,,
,2277,,2269,,,,,
,2282,,2281,,,,,
,715,,2281,,,,,
,2284,,2283,,,,,
,2285,,2283,,,,,
,2286,,2283,,,,,
,2287,,2283,,,,,
,72,,2288,,,,,
,69,,2288,,,,,
,2289,,2288,,,,,
,73,,2288,,,,,
,2291,,2290,,,,,
,2292,,2290,,,,,
,2293,,2290,,,,,
,2295,,2294,,,,,
,1490,,2294,,,,,
,234,,2294,,,,,
,2298,,2297,,,,,
,378,,2297,,,,,
,100,,2297,,,,,
,2300,,2299,,,,,
,1612,,2299,,,,,
,1104,,2299,,,,,
,2302,,2301,,,,,
,2303,,2301,,,,,
,187,,2301,,,,,
,189,,2301,,,,,
,190,,2301,,,,,
,2305,,2304,,,,,
,693,,2304,,,,,
,2306,,2304,,,,,
,694,,2304,,,,,
,2307,,2304,,,,,
,2309,,2308,,,,,
,170,,2308,,,,,
,169,,2308,,,,,
,171,,2308,,,,,
,2310,,2308,,,,,
,509,,2312,,,,,
,510,,2312,,,,,
,550,,2312,,,,,
,205,,2312,,,,,
,2314,,2313,,,,,
,2315,,2313,,,,,
,2109,,2313,,,,,
,2317,,2316,,,,,
,2318,,2316,,,,,
,280,,2316,,,,,
,281,,2316,,,,,
,1242,,2316,,,,,
,2320,,2319,,,,,
,1260,,2319,,,,,
,2321,,2319,,,,,
,2323,,2322,,,,,
,1284,,2322,,,,,
,590,,2325,,,,,
,200,,2325,,,,,
,1129,,2325,,,,,
,2326,,2325,,,,,
,2327,,2325,,,,,
,142,,2325,,,,,
,199,,2325,,,,,
,2329,,2328,,,,,
,2330,,2328,,,,,
,247,,2328,,,,,
,2332,,2331,,,,,
,2333,,2331,,,,,
,1726,,2331,,,,,
,2335,,2334,,,,,
,2336,,2334,,,,,
,2338,,2337,,,,,
,2339,,2337,,,,,
,2342,,2341,,,,,
,2343,,2341,,,,,
,184,,2341,,,,,
,2345,,2344,,,,,
,2346,,2344,,,,,
,2347,,2344,,,,,
,2348,,2344,,,,,
,2349,,2344,,,,,
,2351,,2350,,,,,
,2352,,2350,,,,,
,2354,,2353,,,,,
,2355,,2353,,,,,
,2356,,2353,,,,,
,2357,,2353,,,,,
,2359,,2358,,,,,
,2360,,2358,,,,,
,2362,,2361,,,,,
,2363,,2361,,,,,
,1079,,2361,,,,,
,2365,,2364,,,,,
,2366,,2364,,,,,
,1384,,2367,,,,,
,2368,,2367,,,,,
,2330,,2367,,,,,
,247,,2367,,,,,
,2370,,2369,,,,,
,151,,2369,,,,,
,211,,2369,,,,,
,2372,,2371,,,,,
,2373,,2371,,,,,
,2375,,2374,,,,,
,2376,,2374,,,,,
,2377,,2374,,,,,
,2378,,2374,,,,,
,2380,,2379,,,,,
,2382,,2381,,,,,
,2383,,2381,,,,,
,2384,,2381,,,,,
,2385,,2381,,,,,
,1504,,2381,,,,,
,1811,,2386,,,,,
,2387,,2386,,,,,
,2388,,2386,,,,,
,2389,,2386,,,,,
,414,,2386,,,,,
,2390,,2386,,,,,
,415,,2386,,,,,
,2392,,2391,,,,,
,39,,2391,,,,,
,2394,,2393,,,,,
,2395,,2393,,,,,
,2397,,2396,,,,,
,2398,,2396,,,,,
,868,,2396,,,,,
,2400,,2399,,,,,
,2401,,2399,,,,,
,2402,,2399,,,,,
,2403,,2399,,,,,
,2404,,2399,,,,,
,2406,,2405,,,,,
,2407,,2405,,,,,
,2408,,2405,,,,,
,151,,2405,,,,,
,2410,,2409,,,,,
,2411,,2409,,,,,
,2412,,2409,,,,,
,2413,,2409,,,,,
,1444,,2414,,,,,
,2415,,2414,,,,,
,2417,,2416,,,,,
,1228,,2416,,,,,
,1229,,2416,,,,,
,65,,2416,,,,,
,2419,,2418,,,,,
,2420,,2418,,,,,
,2421,,2418,,,,,
,2422,,2418,,,,,
,2423,,2418,,,,,
,2424,,2418,,,,,
,2426,,2425,,,,,
,594,,2425,,,,,
,593,,2425,,,,,
,2428,,2427,,,,,
,2429,,2427,,,,,
,207,,2427,,,,,
,2431,,2430,,,,,
,2432,,2430,,,,,
,2433,,2430,,,,,
,2434,,2430,,,,,
,2436,,2435,,,,,
,2437,,2435,,,,,
,2438,,2435,,,,,
,2439,,2435,,,,,
,79,,2435,,,,,
,2445,,2444,,,,,
,1513,,2444,,,,,
,2447,,2446,,,,,
,2448,,2446,,,,,
,2449,,2446,,,,,
,2450,,2446,,,,,
,2451,,2446,,,,,
,2452,,2446,,,,,
,2453,,2446,,,,,
,2455,,2454,,,,,
,1464,,2454,,,,,
,1319,,2454,,,,,
,184,,2454,,,,,
,1179,,2454,,,,,
,1269,,2456,,,,,
,257,,2456,,,,,
,1267,,2456,,,,,
,2457,,2456,,,,,
,2458,,2456,,,,,
