Presentation ID,Author ID,Name
27,28,Maximin Coavoux
27,29,Shashi Narayan
27,30,Shay B. Cohen
31,32,Yanai Elazar
31,33,Yoav Goldberg
34,35,Kashyap Popat
34,36,Subhabrata Mukherjee
34,37,Andrew Yates
34,38,Gerhard Weikum
39,40,Zijian Wang
39,41,David Jurgens
42,43,Serina Chang
42,44,Ruiqi Zhong
42,45,Ethan Adams
42,46,Fei-Tzin Lee
42,47,Siddharth Varia
42,48,Desmond Patton
42,49,William Frey
42,50,Chris Kedzie
42,51,Kathy McKeown
53,54,Niket Tandon
53,55,Bhavana Dalvi
53,56,Joel Grus
53,57,Wen-tau Yih
53,58,Antoine Bosselut
53,59,Peter Clark
60,61,Adam Poliak
60,62,Aparajita Haldar
60,63,Rachel Rudinger
60,64,J. Edward Hu
60,65,Ellie Pavlick
60,66,Aaron Steven White
60,67,Benjamin Van Durme
68,69,Matthew Lamm
68,70,Arun Chaganty
68,71,Christopher D. Manning
68,72,Dan Jurafsky
68,73,Percy Liang
74,75,Rowan Zellers
74,76,Yonatan Bisk
74,77,Roy Schwartz
74,78,Yejin Choi
79,80,Wenpeng Yin
79,81,Dan Roth
83,84,Shaonan Wang
83,85,Jiajun Zhang
83,86,Chengqing Zong
87,88,Ramakanth Pasunuru
87,89,Mohit Bansal
90,91,Fenglin Liu
90,92,Xuancheng Ren
90,93,Yuanxin LIU
90,94,Houfeng WANG
90,95,Xu SUN
96,97,Paul Pu Liang
96,98,Ziyin Liu
96,99,AmirAli Bagher Zadeh
96,100,Louis-Philippe Morency
101,102,Jingyuan Chen
101,103,Xinpeng Chen
101,104,Lin Ma
101,105,Zequn Jie
101,106,Tat-Seng Chua
108,109,Hong Chen
108,110,Zhenhua Fan
108,111,Hao Lu
108,112,Alan Yuille
108,113,Shu Rong
114,115,Pengfei Cao
114,116,Yubo Chen
114,117,Kang Liu
114,118,Jun Zhao
114,119,Shengping Liu
120,121,Nafise Sadat Moosavi
120,122,Michael Strube
123,124,Bailin Wang
123,125,Wei Lu
126,127,Mingda Chen
126,128,Qingming Tang
126,129,Karen Livescu
126,130,Kevin Gimpel
132,133,Yixin Cao
132,134,Lei Hou
132,135,Juanzi Li
132,136,Zhiyuan Liu
132,137,Chengjiang Li
132,138,Xu Chen
132,139,Tiansi Dong
140,141,Yftah Ziser
140,142,Roi Reichart
143,144,Lifu Huang
143,145,Kyunghyun Cho
143,146,Boliang Zhang
143,147,Heng Ji
143,148,Kevin Knight
149,150,Xilun Chen
149,151,Claire Cardie
152,153,Ta Chung Chi
152,154,Yun-Nung Chen
155,156,Edoardo Maria Ponti
155,157,Ivan Vulić
155,158,Goran Glavaš
155,159,Nikola Mrkšić
155,160,Anna Korhonen
161,162,Yerai Doval
161,163,Jose Camacho-Collados
161,164,Luis Espinosa Anke
161,165,Steven Schockaert
166,167,Manaal Faruqui
166,65,Ellie Pavlick
166,168,Ian Tenney
166,169,Dipanjan Das
170,171,Daniela Gerz
170,157,Ivan Vulić
170,156,Edoardo Maria Ponti
170,142,Roi Reichart
170,160,Anna Korhonen
172,173,Yuan Zhang
172,174,Jason Riesa
172,175,Daniel Gillick
172,176,Anton Bakalov
172,177,Jason Baldridge
172,178,David Weiss
179,180,Weichao Wang
179,181,Shi Feng
179,182,Wei Gao
179,183,Daling Wang
179,184,Yifei Zhang
185,186,Zhichun Wang
185,187,Qingsong Lv
185,188,Xiaohan Lan
185,189,Yu Zhang
190,191,Fanchao Qi
190,192,Yankai Lin
190,193,Maosong Sun
190,194,Hao Zhu
190,195,Ruobing Xie
190,136,Zhiyuan Liu
196,197,Jiateng Xie
196,198,Zhilin Yang
196,199,Graham Neubig
196,200,Noah A. Smith
196,201,Jaime Carbonell
202,203,Yun Chen
202,204,Victor O.K. Li
202,145,Kyunghyun Cho
202,205,Samuel Bowman
206,207,Yang Zhao
206,85,Jiajun Zhang
206,208,Zhongjun He
206,86,Chengqing Zong
206,209,Hua Wu
210,211,Jetic Gū
210,212,Hassan S. Shavarani
210,213,Anoop Sarkar
214,215,Wenhu Chen
214,216,Jianshu Chen
214,217,Yu Su
214,218,Xin Wang
214,219,Dong Yu
214,220,Xifeng Yan
214,221,William Yang Wang
222,223,Emmanouil Antonios Platanios
222,224,Mrinmaya Sachan
222,199,Graham Neubig
222,225,Tom Mitchell
226,227,Marzieh Fadaee
226,228,Christof Monz
229,230,Jiali Zeng
229,231,Jinsong Su
229,232,Huating Wen
229,233,Yang Liu
229,234,Jun Xie
229,235,Yongjing Yin
229,236,Jianqiang Zhao
237,238,Sebastian Ruder
237,239,Ryan Cotterell
237,240,Yova Kementchedjhieva
237,241,Anders Søgaard
242,243,Yedid Hoshen
242,244,Lior Wolf
245,246,Chunqi Wang
245,247,Ji Zhang
245,248,Haiqing Chen
249,250,Sergey Edunov
249,251,Myle Ott
249,252,Michael Auli
249,253,David Grangier
254,255,Shyam Upadhyay
254,256,Jordan Kodner
254,81,Dan Roth
257,258,Ndapa Nakashole
259,260,Xinwei Geng
259,261,Xiaocheng Feng
259,262,Bing Qin
259,263,Ting Liu
264,265,Jiacheng Zhang
264,266,Huanbo Luan
264,193,Maosong Sun
264,267,Feifei Zhai
264,268,Jingfang Xu
264,269,Min Zhang
264,233,Yang Liu
270,271,Paul Michel
270,199,Graham Neubig
272,273,Xiaolin Wang
272,274,Masao Utiyama
272,275,Eiichiro Sumita
276,277,Taku Kudo
276,278,John Richardson
281,282,Michael Petrochuk
281,283,Luke Zettlemoyer
284,285,Minjoon Seo
284,286,Tom Kwiatkowski
284,287,Ankur Parikh
284,288,Ali Farhadi
284,289,Hannaneh Hajishirzi
290,291,Jinhyuk Lee
290,292,Seongjun Yun
290,293,Hyunjae Kim
290,294,Miyoung Ko
290,295,Jaewoo Kang
296,297,Sathish Reddy Indurthi
296,298,Seunghak Yu
296,299,Seohyun Back
296,300,Heriberto Cuayahuitl
301,302,Bernhard Kratzwald
301,303,Stefan Feuerriegel
305,306,Mareike Hartmann
305,240,Yova Kementchedjhieva
305,241,Anders Søgaard
307,308,Yimeng Zhuang
307,309,Jinghui Xie
307,310,Yinhe Zheng
307,311,Xuan Zhu
312,313,Koki Washio
312,314,Tsuneaki Kato
315,316,Jinman Zhao
315,317,Sidharth Mudgal
315,318,Yingyu Liang
319,320,Ge Gao
319,321,Eunsol Choi
319,78,Yejin Choi
319,283,Luke Zettlemoyer
323,324,Barbara Plank
323,325,Željko Agić
326,327,Zi-Yi Dou
326,328,Zhi-Hao Zhou
326,329,Shujian Huang
330,331,Tanmoy Mukherjee
330,332,Makoto Yamada
330,333,Timothy Hospedales
334,335,Ryo Masumura
334,336,Yusuke Shinohara
334,337,Ryuichiro Higashinaka
334,338,Yushi Aono
339,340,Shiv Shankar
339,341,Siddhant Garg
339,342,Sunita Sarawagi
344,345,Ying Chen
344,346,Wenjun Hou
344,347,Xiyao Cheng
344,348,Shoushan Li
349,350,Cornelia Caragea
349,351,Liviu P. Dinu
349,352,Bogdan Dumitru
353,354,Sotiris Lamprinidis
353,355,Daniel Hardt
353,356,Dirk Hovy
357,358,Di Chen
357,359,Jiachen Du
357,360,Lidong Bing
357,361,Ruifeng Xu
362,356,Dirk Hovy
362,363,Tommaso Fornaciari
365,366,Jingyuan Li
365,367,Xiao Sun
368,369,Chen Shi
368,370,Qi Chen
368,371,Lei Sha
368,372,Sujian Li
368,373,Xu Sun
368,94,Houfeng WANG
368,374,Lintao Zhang
375,376,Prasanna Parthasarathi
375,377,Joelle Pineau
378,379,Xiaolei Huang
378,380,Lixing Liu
378,381,Kate Carey
378,382,Joshua Woolley
378,383,Stefan Scherer
378,384,Brian Borsari
385,386,Liangchen Luo
385,387,Jingjing Xu
385,388,Junyang Lin
385,389,Qi Zeng
385,95,Xu SUN
390,391,Kangyan Zhou
390,392,Shrimai Prabhumoye
390,393,Alan W Black
394,395,Seonghan Ryu
394,396,Sangjun Koo
394,397,Hwanjo Yu
394,398,Gary Geunbae Lee
399,400,Shachar Mirkin
399,401,Guy Moshkowich
399,402,Matan Orbach
399,403,Lili Kotlerman
399,404,Yoav Kantor
399,405,Tamar Lavee
399,406,Michal Jacovi
399,407,Yonatan Bilu
399,408,Ranit Aharonov
399,409,Noam Slonim
410,411,Yang Xu
410,412,Yu Hong
410,413,Huibin Ruan
410,414,Jianmin Yao
410,269,Min Zhang
410,415,Guodong Zhou
416,417,Jan A. Botha
416,167,Manaal Faruqui
416,418,John Alex
416,177,Jason Baldridge
416,169,Dipanjan Das
419,420,Elior Sulem
419,421,Omri Abend
419,422,Ari Rappoport
423,424,Jiaxin Pei
423,425,Chenliang Li
426,427,Tszhang Guo
426,428,Shiyu Chang
426,429,Mo Yu
426,430,Kun Bai
431,432,Luke Melas-Kyriazi
431,433,Alexander Rush
431,434,George Han
435,436,Elaheh ShafieiBavani
435,437,Mohammad Ebrahimi
435,438,Raymond Wong
435,439,Fang Chen
440,441,Hardy Hardy
440,442,Andreas Vlachos
443,444,Ori Shapira
443,445,David Gabay
443,446,Hadar Ronen
443,447,Judit Bar-Ilan
443,448,Yael Amsterdamer
443,449,Ani Nenkova
443,450,Ido Dagan
451,452,Xingxing Zhang
451,453,Mirella Lapata
451,454,Furu Wei
451,455,Ming Zhou
456,457,Fangfang Zhang
456,458,Jin-ge Yao
456,459,Rui Yan
460,461,Yucheng Wang
460,462,Zhongyu Wei
460,463,Yaqian Zhou
460,464,Xuanjing Huang
465,167,Manaal Faruqui
465,169,Dipanjan Das
466,467,Sujith Ravi
466,468,Zornitsa Kozareva
469,470,Kazuya Shimura
469,471,Jiyi Li
469,472,Fumiyo Fukumoto
473,474,Koustuv Sinha
473,475,Yue Dong
473,476,Jackie Chi Kit Cheung
473,477,Derek Ruths
478,479,Jeffrey Lund
478,480,Stephen Cowley
478,481,Wilson Fearn
478,482,Emily Hales
478,483,Kevin Seppi
484,485,Ran Ding
484,486,Ramesh Nallapati
484,487,Bing Xiang
488,489,Daniel Watson
488,490,Nasser Zalmout
488,491,Nizar Habash
492,493,Shraey Bhatia
492,494,Jey Han Lau
492,495,Timothy Baldwin
496,497,Abhijith Athreya Mysore Gopinath
496,498,Shomir Wilson
496,499,Norman Sadeh
502,503,Xinyi Wang
502,504,Hieu Pham
502,505,Zihang Dai
502,199,Graham Neubig
506,507,Yunsu Kim
506,508,Jiahui Geng
506,509,Hermann Ney
510,511,Nishant Kambhatla
510,512,Anahita Mansouri Bigvand
510,213,Anoop Sarkar
513,199,Graham Neubig
513,514,Junjie Hu
515,516,Joern Wuebker
515,517,Patrick Simianer
515,518,John DeNero
520,467,Sujith Ravi
520,468,Zornitsa Kozareva
521,522,Joo-Kyung Kim
521,523,Young-Bum Kim
524,525,Xingyi Song
524,526,Johann Petrak
524,527,Angus Roberts
528,529,Vlad Niculae
528,530,André F. T. Martins
528,151,Claire Cardie
531,532,Yi Yang
534,535,Kun Xu
534,536,Lingfei Wu
534,537,Zhiguo Wang
534,429,Mo Yu
534,538,Liwei Chen
534,539,Vadim Sheinin
540,541,Shirley Anugrah Hayati
540,542,Raphael Olivier
540,543,Pravalika Avvaru
540,544,Pengcheng Yin
540,545,Anthony Tomasic
540,199,Graham Neubig
546,535,Kun Xu
546,536,Lingfei Wu
546,537,Zhiguo Wang
546,547,Yansong Feng
546,539,Vadim Sheinin
548,549,Emilie Colin
548,550,Claire Gardent
551,63,Rachel Rudinger
551,552,Adam Teichert
551,553,Ryan Culkin
551,554,Sheng Zhang
551,67,Benjamin Van Durme
556,557,JinYeong Bak
556,558,Alice Oh
559,560,Yizhong Wang
559,372,Sujian Li
559,561,Jingfeng Yang
562,563,Spandana Gella
562,564,Mike Lewis
562,565,Marcus Rohrbach
566,567,Yiqun Yao
566,568,Jiaming Xu
566,569,Feng Wang
566,570,Bo Xu
571,572,Diane Bouchacourt
571,573,Marco Baroni
575,576,Ningyu Zhang
575,577,Shumin Deng
575,578,Zhanling Sun
575,579,Xi Chen
575,580,Wei Zhang
575,581,Huajun Chen
582,583,Ji Xin
582,194,Hao Zhu
582,584,Xu Han
582,136,Zhiyuan Liu
582,193,Maosong Sun
585,586,Walker Orr
585,587,Prasad Tadepalli
585,588,Xiaoli Fern
589,590,Yiqing Zhang
589,591,Jianzhong Qi
589,592,Rui Zhang
589,593,Chuandong Yin
594,124,Bailin Wang
594,125,Wei Lu
594,595,Yu Wang
594,596,Hongxia Jin
597,598,Ge Shi
597,599,Chong Feng
597,144,Lifu Huang
597,146,Boliang Zhang
597,147,Heng Ji
597,600,Lejian Liao
597,601,Heyan Huang
602,603,David Mueller
602,604,Greg Durrett
605,606,Shaobo Liu
605,607,Rui Cheng
605,608,Xiaoming Yu
605,609,Xueqi Cheng
610,611,Arjun Chandrasekaran
610,612,Viraj Prabhu
610,613,Deshraj Yadav
610,614,Prithvijit Chattopadhyay
610,615,Devi Parikh
616,617,Marco Ponza
616,618,Luciano Del Corro
616,38,Gerhard Weikum
619,620,Luong Hoang
619,621,Sam Wiseman
619,433,Alexander Rush
622,623,Darsh Shah
622,624,Tao Lei
622,625,Alessandro Moschitti
622,626,Salvatore Romeo
622,627,Preslav Nakov
628,629,Lei Wang
628,630,Yan Wang
628,631,Deng Cai
628,632,Dongxiang Zhang
628,633,Xiaojiang Liu
634,635,Massimo Nicosia
634,625,Alessandro Moschitti
636,637,Ahmed Elgohary
636,638,Chen Zhao
636,639,Jordan Boyd-Graber
640,641,Radu Tudor Ionescu
640,642,Andrei M. Butnaru
643,644,Binxuan Huang
643,645,Kathleen Carley
646,647,Jianfei Yu
646,648,Luis Marujo
646,649,Jing Jiang
646,650,Pradeep Karuturi
646,651,William Brendel
652,653,Yi Zhang
652,387,Jingjing Xu
652,654,Pengcheng Yang
652,95,Xu SUN
655,656,Martin Schmitt
655,657,Simon Steinheber
655,658,Konrad Schreiber
655,659,Benjamin Roth
660,661,Y. Alex Kolchinski
660,662,Christopher Potts
663,664,Rohil Verma
663,665,Samuel Kim
663,666,David Walter
667,668,Sridhar Moorthy
667,669,Ruth Pogacar
667,670,Samin Khan
667,411,Yang Xu
671,672,Nayeon Lee
671,673,Chien-Sheng Wu
671,674,Pascale Fung
675,676,Ryuji Kano
675,677,Yasuhide Miura
675,678,Motoki Taniguchi
675,679,Yan-Ying Chen
675,680,Francine Chen
675,681,Tomoko Ohkuma
682,683,Masoud Rouhizadeh
682,684,Kokil Jaidka
682,685,Laura Smith
682,686,H. Andrew Schwartz
682,687,Anneke Buffone
682,688,Lyle Ungar
689,690,Shengli Hu
691,692,Hamed Khanpour
691,350,Cornelia Caragea
693,694,Salvatore Giorgi
693,695,Daniel Preoţiuc-Pietro
693,687,Anneke Buffone
693,696,Daniel Rieman
693,688,Lyle Ungar
693,686,H. Andrew Schwartz
699,700,Jason Lee
699,701,Elman Mansimov
699,145,Kyunghyun Cho
702,703,Jiaji Huang
702,704,Yi Li
702,705,Wei Ping
702,706,Liang Huang
707,708,Rebecca Marvin
707,709,Tal Linzen
710,711,Hao Peng
710,77,Roy Schwartz
710,712,Sam Thomson
710,200,Noah A. Smith
713,714,Liyuan Liu
713,715,Xiang Ren
713,716,Jingbo Shang
713,717,Xiaotao Gu
713,718,Jian Peng
713,719,Jiawei Han
721,722,Zhengzhong Liu
721,723,Chenyan Xiong
721,724,Teruko Mitamura
721,725,Eduard Hovy
726,727,Artuur Leeuwenberg
726,728,Marie-Francine Moens
729,730,Xiao Liu
729,731,Zhunchen Luo
729,601,Heyan Huang
732,733,Shikhar Vashishth
732,734,Rishabh Joshi
732,735,Sai Suman Prayaga
732,736,Chiranjib Bhattacharyya
732,737,Partha Talukdar
738,116,Yubo Chen
738,739,Hang Yang
738,117,Kang Liu
738,118,Jun Zhao
738,740,Yantao Jia
742,743,Tianze Shi
742,744,Lillian Lee
745,746,Junxian He
745,199,Graham Neubig
745,747,Taylor Berg-Kirkpatrick
748,749,Daniel Fernández-González
748,750,Carlos Gómez-Rodríguez
751,750,Carlos Gómez-Rodríguez
751,752,David Vilares
753,754,Dingquan Wang
753,755,Jason Eisner
757,758,Qing Li
757,759,Jianlong Fu
757,760,Dongfei Yu
757,761,Tao Mei
757,762,Jiebo Luo
763,764,Aishwarya Padmakumar
763,765,Peter Stone
763,766,Raymond Mooney
767,768,Semih Yagcioglu
767,769,Aykut Erdem
767,770,Erkut Erdem
767,771,Nazli Ikizler-Cinbis
772,773,Jie Lei
772,774,Licheng Yu
772,89,Mohit Bansal
772,775,Tamara Berg
776,777,Lisa Anne Hendricks
776,778,Oliver Wang
776,779,Eli Shechtman
776,780,Josef Sivic
776,781,Trevor Darrell
776,782,Bryan Russell
784,785,Mohammad Taher Pilehvar
784,786,Dimitri Kartsaklis
784,787,Victor Prokhorov
784,788,Nigel Collier
789,790,Fuli Luo
789,791,Tianyu Liu
789,792,Zexue He
789,793,Qiaolin Xia
789,794,Zhifang Sui
789,795,Baobao Chang
796,797,Erik-Lân Do Dinh
796,798,Hannah Wieland
796,799,Iryna Gurevych
800,801,Olof Görnerup
800,802,Daniel Gillblad
803,804,Jingyuan Sun
803,84,Shaonan Wang
803,86,Chengqing Zong
805,806,Karol Grzegorczyk
805,807,Marcin Kurdziel
808,809,Su Wang
808,810,Eric Holgate
808,604,Greg Durrett
808,811,Katrin Erk
812,813,Douwe Kiela
812,814,Changhan Wang
812,145,Kyunghyun Cho
815,816,Melissa Ailem
815,817,Bowen Zhang
815,818,Aurélien Bellet
815,819,Pascal Denis
815,820,Fei Sha
821,822,Murhaf Fares
821,823,Stephan Oepen
821,824,Erik Velldal
825,826,Matthew Peters
825,827,Mark Neumann
825,283,Luke Zettlemoyer
825,57,Wen-tau Yih
828,829,Hongyu Gong
828,830,Jiaqi Mu
828,831,Suma Bhat
828,832,Pramod Viswanath
833,834,Tom Bosc
833,835,Pascal Vincent
836,837,Gabriel Stanovsky
836,838,Mark Hopkins
839,840,Sanjeev Arora
839,841,Yuanzhi Li
839,318,Yingyu Liang
839,842,Tengyu Ma
839,843,Andrej Risteski
844,845,Lizhen Liu
844,846,Xiao Hu
844,847,Wei Song
844,848,Ruiji Fu
844,263,Ting Liu
844,849,Guoping Hu
850,233,Yang Liu
850,851,Matt Gardner
850,453,Mirella Lapata
852,853,Yi Tay
852,854,Anh Tuan Luu
852,855,Siu Cheung Hui
856,857,Jingjing Gong
856,858,Xipeng Qiu
856,859,Xinchi Chen
856,860,Dong Liang
856,464,Xuanjing Huang
861,862,Alexey Romanov
861,863,Chaitanya Shivade
864,865,Daya Guo
864,866,Yibo Sun
864,867,Duyu Tang
864,868,Nan Duan
864,869,Jian Yin
864,870,Hong Chi
864,871,James Cao
864,872,Peng Chen
864,455,Ming Zhou
873,874,Zexuan Zhong
873,875,Jiaqi Guo
873,876,Wei Yang
873,718,Jian Peng
873,877,Tao Xie
873,878,Jian-Guang Lou
873,263,Ting Liu
873,879,Dongmei Zhang
880,881,Jonathan Herzig
880,882,Jonathan Berant
883,884,Hiroki Ouchi
883,885,Hiroyuki Shindo
883,886,Yuji Matsumoto
887,888,Srinivasan Iyer
887,889,Ioannis Konstas
887,890,Alvin Cheung
887,283,Luke Zettlemoyer
891,892,Tao Yu
891,893,Michihiro Yasunaga
891,894,Kai Yang
891,592,Rui Zhang
891,895,Dongxu Wang
891,896,Zifan Li
891,897,Dragomir Radev
898,554,Sheng Zhang
898,899,Xutai Ma
898,63,Rachel Rudinger
898,900,Kevin Duh
898,67,Benjamin Van Durme
901,902,Igor Labutov
901,903,Bishan Yang
901,225,Tom Mitchell
904,905,Jesse Dunietz
904,201,Jaime Carbonell
904,906,Lori Levin
907,908,Semih Yavuz
907,909,Izzeddin Gur
907,217,Yu Su
907,220,Xifeng Yan
910,911,Zhijiang Guo
910,125,Wei Lu
912,544,Pengcheng Yin
912,199,Graham Neubig
913,914,Shusen Liu
913,915,Tao Li
913,916,Zhimin Liu
913,917,Vivek Srikumar
913,918,Valerio Pascucci
913,919,Peer-Timo Bremer
920,921,Ajay Patel
920,922,Alexander Sands
920,923,Chris Callison-Burch
920,924,Marianna Apidianaki
925,926,Daniel Cer
925,927,Yinfei Yang
925,928,Sheng-yi Kong
925,929,Nan Hua
925,930,Nicole Limtiaco
925,931,Rhomni St. John
925,932,Noah Constant
925,933,Mario Guajardo-Cespedes
925,934,Steve Yuan
925,935,Chris Tar
925,936,Brian Strope
925,937,Ray Kurzweil
939,940,Changsheng Liu
939,941,Rebecca Hwa
942,943,Haim Dubossarsky
942,944,Eitan Grossman
942,945,Daphna Weinshall
946,947,Yuval Pinter
946,948,Jacob Eisenstein
949,950,Anne Cocos
949,951,Veronica Wharton
949,65,Ellie Pavlick
949,924,Marianna Apidianaki
949,923,Chris Callison-Burch
952,953,Sho Yokoi
952,954,Sosuke Kobayashi
952,955,Kenji Fukumizu
952,956,Jun Suzuki
952,957,Kentaro Inui
959,960,Yongzhen Wang
959,961,Xiaozhong Liu
959,962,Zheng Gao
963,964,Wei Li
963,965,Xinyan Xiao
963,966,Yajuan Lyu
963,967,Yuanzhuo Wang
968,29,Shashi Narayan
968,30,Shay B. Cohen
968,453,Mirella Lapata
969,970,Wojciech Kryściński
969,971,Romain Paulus
969,972,Caiming Xiong
969,973,Richard Socher
974,50,Chris Kedzie
974,975,Kathleen McKeown
974,976,Hal Daume III
978,979,Dinghan Shen
978,980,Xinyuan Zhang
978,981,Ricardo Henao
978,982,Lawrence Carin
983,979,Dinghan Shen
983,984,Martin Renqiang Min
983,985,Yitong Li
983,982,Lawrence Carin
986,987,Ryan McDonald
986,988,George Brokos
986,989,Ion Androutsopoulos
990,991,Bo Li
990,992,Ping Cheng
993,994,Swayambhu Nath Ray
993,995,Shib Sankar Dasgupta
993,737,Partha Talukdar
997,998,David Alvarez-Melis
997,999,Tommi Jaakkola
1000,1001,Hai Wang
1000,1002,Hoifung Poon
1003,1004,Yujia Bao
1003,428,Shiyu Chang
1003,429,Mo Yu
1003,1005,Regina Barzilay
1006,1007,Kevin Clark
1006,1008,Minh-Thang Luong
1006,71,Christopher D. Manning
1006,1009,Quoc Le
1010,1011,Silviu Paun
1010,1012,Bob Carpenter
1010,1013,Jon Chamberlain
1010,356,Dirk Hovy
1010,1014,Udo Kruschwitz
1010,1015,Massimo Poesio
1017,786,Dimitri Kartsaklis
1017,785,Mohammad Taher Pilehvar
1017,788,Nigel Collier
1018,1019,Xin Lv
1018,134,Lei Hou
1018,135,Juanzi Li
1018,136,Zhiyuan Liu
1020,1021,Wenhan Xiong
1020,429,Mo Yu
1020,428,Shiyu Chang
1020,1022,Xiaoxiao Guo
1020,221,William Yang Wang
1023,1024,Shanshan Zhang
1023,1025,Lihong He
1023,1026,Slobodan Vucetic
1023,1027,Eduard Dragut
1028,1029,Yufang Hou
1030,1031,Ali Emami
1030,1032,Noelia De La Cruz
1030,1033,Adam Trischler
1030,1034,Kaheer Suleman
1030,476,Jackie Chi Kit Cheung
1035,1036,Bill Yuchen Lin
1035,125,Wei Lu
1037,1038,Hongliang Dai
1037,1039,Yangqiu Song
1037,1040,Liwei Qiu
1037,1041,Rijia Liu
1042,1043,Pinal Patel
1042,1044,Disha Davey
1042,1045,Vishal Panchal
1042,1046,Parth Pathak
1047,1048,Matthew Berger
1047,1049,Ajay Nagesh
1047,1050,Joshua Levine
1047,1051,Mihai Surdeanu
1047,1052,Helen Zhang
1053,716,Jingbo Shang
1053,714,Liyuan Liu
1053,717,Xiaotao Gu
1053,715,Xiang Ren
1053,1054,Teng Ren
1053,719,Jiawei Han
1055,1056,Ben Zhou
1055,1057,Daniel Khashabi
1055,1058,Chen-Tse Tsai
1055,81,Dan Roth
1059,1060,Minghao Hu
1059,1061,Yuxing Peng
1059,454,Furu Wei
1059,1062,Zhen Huang
1059,1063,Dongsheng Li
1059,1064,Nan Yang
1059,455,Ming Zhou
1065,1066,Marzieh Saeidi
1065,1067,Max Bartolo
1065,1068,Patrick Lewis
1065,1069,Sameer Singh
1065,1070,Tim Rocktäschel
1065,1071,Mike Sheldon
1065,1072,Guillaume Bouchard
1065,1073,Sebastian Riedel
1074,1075,Sen Hu
1074,1076,Lei Zou
1074,1077,Xinbo Zhang
1078,1079,Jiahua Liu
1078,1080,Wan Wei
1078,193,Maosong Sun
1078,1081,Hao Chen
1078,1082,Yantao Du
1078,1083,Dekang Lin
1084,1085,Mingming Sun
1084,1086,Xu Li
1084,1087,Ping Li
1088,299,Seohyun Back
1088,298,Seunghak Yu
1088,297,Sathish Reddy Indurthi
1088,1089,Jihie Kim
1088,1090,Jaegul Choo
1091,853,Yi Tay
1091,854,Anh Tuan Luu
1091,855,Siu Cheung Hui
1092,1093,Nitish Gupta
1092,564,Mike Lewis
1094,1095,Kateryna Tymoshenko
1094,625,Alessandro Moschitti
1096,321,Eunsol Choi
1096,1097,He He
1096,1098,Mohit Iyyer
1096,1099,Mark Yatskar
1096,57,Wen-tau Yih
1096,78,Yejin Choi
1096,73,Percy Liang
1096,283,Luke Zettlemoyer
1100,1101,Kangqi Luo
1100,1102,Fengli Lin
1100,1103,Xusheng Luo
1100,1104,Kenny Zhu
1105,1106,Tianyi Liu
1105,1107,Xinsong Zhang
1105,1108,Wanhao Zhou
1105,1109,Weijia Jia
1110,1111,Yuhao Zhang
1110,1112,Peng Qi
1110,71,Christopher D. Manning
1113,1114,Jinhua Du
1113,1115,Jingguang Han
1113,1116,Andy Way
1113,1117,Dadong Wan
1118,1119,Linfeng Song
1118,1120,Yue Zhang
1118,537,Zhiguo Wang
1118,1121,Daniel Gildea
1122,584,Xu Han
1122,1123,Pengfei Yu
1122,136,Zhiyuan Liu
1122,193,Maosong Sun
1122,1124,Peng Li
1125,1126,Guanying Wang
1125,1127,Wen Zhang
1125,1128,Ruoxu Wang
1125,1129,Yalin Zhou
1125,579,Xi Chen
1125,580,Wei Zhang
1125,1130,Hai Zhu
1125,581,Huajun Chen
1131,1132,Changzhi Sun
1131,1133,Yuanbin Wu
1131,1134,Man Lan
1131,1135,Shiliang Sun
1131,1136,Wenting Wang
1131,1137,Kuang-Chih Lee
1131,1138,Kewen Wu
1139,1140,Hoang-Quynh Le
1139,1141,Duy-Cat Can
1139,1142,Sinh T. Vu
1139,1143,Thanh Hai Dang
1139,785,Mohammad Taher Pilehvar
1139,788,Nigel Collier
1144,1145,Dhivya Chinnappa
1144,1146,Eduardo Blanco
1147,1148,Qiang Ning
1147,1056,Ben Zhou
1147,1149,Zhili Feng
1147,1150,Haoruo Peng
1147,81,Dan Roth
1151,1152,Heike Adel
1151,1153,Laura Ana Maria Bostan
1151,1154,Sean Papay
1151,1155,Sebastian Padó
1151,1156,Roman Klinger
1157,1158,Beto Boullosa
1157,1159,Richard Eckart de Castilho
1157,1160,Naveen Kumar
1157,1161,Jan-Christoph Klie
1157,799,Iryna Gurevych
1162,584,Xu Han
1162,1163,Shulin Cao
1162,1019,Xin Lv
1162,192,Yankai Lin
1162,136,Zhiyuan Liu
1162,193,Maosong Sun
1162,135,Juanzi Li
1164,1165,Ekaterina Loginova
1164,1166,Günter Neumann
1167,1168,Michael Boratko
1167,1169,Harshit Padigela
1167,1170,Divyendra Mikkilineni
1167,1171,Pritish Yuvraj
1167,1172,Rajarshi Das
1167,1173,Andrew McCallum
1167,1174,Maria Chang
1167,1175,Achille Fokoue
1167,1176,Pavan Kapanipathi
1167,1177,Nicholas Mattei
1167,1178,Ryan Musa
1167,1179,Kartik Talamadupula
1167,1180,Michael Witbrock
1181,1182,Daniil Sorokin
1181,799,Iryna Gurevych
1185,1186,Todd Shore
1185,1187,Gabriel Skantze
1188,1189,Da Tang
1188,1190,Xiujun Li
1188,1191,Jianfeng Gao
1188,1192,Chong Wang
1188,1193,Lihong Li
1188,1194,Tony Jebara
1195,1196,Iryna Haponchyk
1195,1197,Antonio Uva
1195,298,Seunghak Yu
1195,1198,Olga Uryupina
1195,625,Alessandro Moschitti
1199,1200,Nikita Moghe
1199,1201,Siddhartha Arora
1199,1202,Suman Banerjee
1199,1203,Mitesh M. Khapra
1204,1097,He He
1204,1205,Derek Chen
1204,1206,Anusha Balakrishnan
1204,73,Percy Liang
1208,1209,Qizhe Xie
1208,1210,Guokun Lai
1208,505,Zihang Dai
1208,725,Eduard Hovy
1211,1212,Anusri Pampari
1211,1213,Preethi Raghavan
1211,1214,Jennifer Liang
1211,718,Jian Peng
1215,198,Zhilin Yang
1215,1112,Peng Qi
1215,1216,Saizheng Zhang
1215,1217,Yoshua Bengio
1215,1218,William Cohen
1215,1219,Ruslan Salakhutdinov
1215,71,Christopher D. Manning
1220,1221,Todor Mihaylov
1220,59,Peter Clark
1220,1222,Tushar Khot
1220,1223,Ashish Sabharwal
1224,1225,Aida Nematzadeh
1224,1226,Kaylee Burns
1224,1227,Erin Grant
1224,1228,Alison Gopnik
1224,1229,Tom Griffiths
1231,1232,Zuchao Li
1231,1233,Shexia He
1231,1234,Jiaxun Cai
1231,1235,Zhuosheng Zhang
1231,1236,Hai Zhao
1231,1237,Gongshen Liu
1231,1238,Linlin Li
1231,1239,Luo Si
1240,837,Gabriel Stanovsky
1240,450,Ido Dagan
1241,1242,Yijia Liu
1241,1243,Wanxiang Che
1241,1244,Bo Zheng
1241,262,Bing Qin
1241,263,Ting Liu
1245,1246,Zhanming Jie
1245,125,Wei Lu
1247,1248,Dipendra Misra
1247,1249,Ming-Wei Chang
1247,1250,Xiaodong He
1247,57,Wen-tau Yih
1252,1253,Jonathan Mallinson
1252,1254,Rico Sennrich
1252,453,Mirella Lapata
1255,1256,Ruochen Xu
1255,1257,Yiming Yang
1255,1258,Naoki Otani
1255,1259,Yuexin Wu
1260,1261,Alexis Conneau
1260,1262,Ruty Rinott
1260,1263,Guillaume Lample
1260,1264,Adina Williams
1260,205,Samuel Bowman
1260,1265,Holger Schwenk
1260,1266,Veselin Stoyanov
1267,255,Shyam Upadhyay
1267,1093,Nitish Gupta
1267,81,Dan Roth
1268,1269,Tao Ge
1268,1270,Qing Dou
1268,147,Heng Ji
1268,1271,Lei Cui
1268,795,Baobao Chang
1268,794,Zhifang Sui
1268,454,Furu Wei
1268,455,Ming Zhou
1273,1274,Oliver Hellwig
1273,1275,Sebastian Nehrdich
1276,1277,Yan Shao
1276,1278,Christian Hardmeier
1276,1279,Joakim Nivre
1280,1281,Yufeng Diao
1280,1282,Hongfei Lin
1280,1283,Di Wu
1280,1284,Liang Yang
1280,1285,Kan Xu
1280,1286,Zhihao Yang
1280,1287,Jian Wang
1280,1288,Shaowu Zhang
1280,570,Bo Xu
1280,1289,Dongyu Zhang
1290,1291,Dingmin Wang
1290,1292,Yan Song
1290,1293,Jing Li
1290,1294,Jialong Han
1290,1295,Haisong Zhang
1296,1297,Tao Gui
1296,1298,Qi Zhang
1296,857,Jingjing Gong
1296,1299,Minlong Peng
1296,1300,di liang
1296,1301,Keyu Ding
1296,464,Xuanjing Huang
1302,1303,Amrith Krishna
1302,1304,Bishal Santra
1302,1305,Sasi Prasanth Bandaru
1302,1306,Gaurav Sahu
1302,1307,Vishnu Dutt Sharma
1302,1308,Pavankumar Satuluri
1302,1309,Pawan Goyal
1310,1311,Ali Elkahky
1310,1312,Kellie Webster
1310,1313,Daniel Andor
1310,1314,Emily Pitler
1315,1316,Clara Vania
1315,1317,Andreas Grivas
1315,1318,Adam Lopez
1319,1320,Yingwei Xin
1319,1321,Ethan Hart
1319,1322,Vibhuti Mahajan
1319,1323,Jean David Ruvini
1324,1325,Devamanyu Hazarika
1324,1326,Soujanya Poria
1324,1327,Rada Mihalcea
1324,1328,Erik Cambria
1324,1329,Roger Zimmermann
1330,1331,Ryota Hinami
1330,1332,Shin'ichi Satoh
1333,1334,Carina Silberer
1333,1335,Manfred Pinkal
1336,1337,Shaohua Yang
1336,1338,Qiaozi Gao
1336,1339,sari sadiya
1336,1340,Joyce Chai
1341,1342,Eric Chu
1341,1343,Prashanth Vijayaraghavan
1341,1344,Deb Roy
1345,1346,Candace Ross
1345,1347,Andrei Barbu
1345,1348,Yevgeni Berzak
1345,1349,Battushig Myanganbayar
1345,1350,Boris Katz
1351,1352,Xiaoxue Zang
1351,1353,Ashwini Pokle
1351,1354,Marynel Vázquez
1351,1355,Kevin Chen
1351,1356,Juan Carlos Niebles
1351,1357,Alvaro Soto
1351,1358,Silvio Savarese
1359,1248,Dipendra Misra
1359,1360,Andrew Bennett
1359,1361,Valts Blukis
1359,1362,Eyvind Niklasson
1359,1363,Max Shatkhin
1359,1364,Yoav Artzi
1365,1366,Cory Shain
1365,1367,William Schuler
1368,1369,Dominique Brunato
1368,1370,Lorenzo De Mattei
1368,1371,Felice Dell'Orletta
1368,1372,Benedetta Iavarone
1368,1373,Giulia Venturi
1374,1375,Rivka Malca
1374,142,Roi Reichart
1376,1377,Aaron Smith
1376,1378,Miryam de Lhoneux
1376,1379,Sara Stymne
1376,1279,Joakim Nivre
1380,1381,Lifeng Jin
1380,1382,Finale Doshi-Velez
1380,1383,Timothy Miller
1380,1367,William Schuler
1380,1384,Lane Schwartz
1385,1386,Jiangming Liu
1385,1120,Yue Zhang
1387,754,Dingquan Wang
1387,755,Jason Eisner
1388,1389,Marco Cognetta
1388,1390,Yo-Sub Han
1388,1391,Soon Chan Kwon
1392,1393,Richong Zhang
1392,1394,Zhiyuan Hu
1392,1395,Hongyu GUO
1392,1396,Yongyi Mao
1397,1398,Shamil Chollampatt
1397,1399,Hwee Tou Ng
1400,1401,Berke Özenç
1400,1402,Razieh Ehsani
1400,1403,Ercan Solak
1404,1405,Arseny Tolmachev
1404,1406,Daisuke Kawahara
1404,1407,Sadao Kurohashi
1410,1411,Wayne Xiong
1410,1412,Lingfeng Wu
1410,1413,Jun Zhang
1410,1414,Andreas Stolcke
1415,1416,Yahui Liu
1415,1417,Wei Bi
1415,1418,Jun Gao
1415,633,Xiaojiang Liu
1415,1419,Jian Yao
1415,1420,Shuming Shi
1421,1422,Pierre-Emmanuel Mazare
1421,1423,Samuel Humeau
1421,1424,Martin Raison
1421,1425,Antoine Bordes
1426,1427,Liliang Ren
1426,1428,Kaige Xie
1426,1429,Lu Chen
1426,1430,Kai Yu
1431,1432,Sonal Gupta
1431,1433,Rushin Shah
1431,1434,Mrinal Mohit
1431,1435,Anuj Kumar
1431,564,Mike Lewis
1437,1438,Natalie Schluter
1439,1440,Ji Ho Park
1439,1441,Jamin Shin
1439,674,Pascale Fung
1442,1443,Sweta Karlekar
1442,89,Mohit Bansal
1444,1445,Chloé Pou-Prom
1444,1446,Frank Rudzicz
1447,1448,Yiqing Hua
1447,1449,Cristian Danescu-Niculescu-Mizil
1447,1450,Dario Taraborelli
1447,1451,Nithum Thain
1447,1452,Jeffery Sorensen
1447,1453,Lucas Dixon
1455,1456,Nathan Greenberg
1455,1457,Trapit Bansal
1455,1458,Patrick Verga
1455,1173,Andrew McCallum
1459,1460,Giannis Bekoulis
1459,1461,Johannes Deleu
1459,1462,Thomas Demeester
1459,1463,Chris Develder
1464,1465,Gaurav Singh
1464,1466,James Thomas
1464,1467,Iain Marshall
1464,1468,John Shawe-Taylor
1464,1469,Byron C. Wallace
1470,1471,Mohammad Golam Sohrab
1470,1472,Makoto Miwa
1473,1474,Minghao Wu
1473,1475,Fei Liu
1473,1476,Trevor Cohn
1478,1479,Wenhui Wang
1478,795,Baobao Chang
1478,1480,Mairgup Mansur
1481,1482,Mathieu Dehouck
1481,819,Pascal Denis
1483,1484,Arianna Bisazza
1483,1485,Clara Tump
1486,1487,Peter Makarov
1486,1488,Simon Clematide
1489,1490,Miikka Silfverberg
1489,1491,Mans Hulden
1493,1494,Moustafa Alzantot
1493,1495,Yash Sharma
1493,637,Ahmed Elgohary
1493,1496,Bo-Jhang Ho
1493,1497,Mani Srivastava
1493,1498,Kai-Wei Chang
1499,1500,Jian Li
1499,1501,Zhaopeng Tu
1499,1502,Baosong Yang
1499,1503,Michael R. Lyu
1499,1504,Tong Zhang
1505,1506,Aditya Siddhant
1505,1507,Zachary C. Lipton
1508,1509,Nadezhda Chirkova
1508,1510,Ekaterina Lobacheva
1508,1511,Dmitry Vetrov
1512,1513,Minh Nguyen
1512,1514,Gia H Ngo
1512,1515,Nancy Chen
1516,1517,Yafang Huang
1516,1236,Hai Zhao
1518,1519,Thanapon Noraset
1518,1520,Doug Downey
1518,360,Lidong Bing
1521,1522,Kristina Gulordava
1521,1523,Laura Aina
1521,1524,Gemma Boleda
1525,1526,Nicolas Ford
1525,1527,Daniel Duckworth
1525,1528,Mohammad Norouzi
1525,1529,George Dahl
1530,1531,Lesly Miculicich
1530,1532,Dhananjay Ram
1530,1533,Nikolaos Pappas
1530,1534,James Henderson
1535,1536,Yining Wang
1535,85,Jiajun Zhang
1535,267,Feifei Zhai
1535,268,Jingfang Xu
1535,86,Chengqing Zong
1537,1538,Anna Currey
1537,1539,Kenneth Heafield
1540,1541,Minh Quang Pham
1540,1542,Josep Crego
1540,1543,Jean Senellart
1540,1544,François Yvon
1545,1546,Desmond Elliott
1547,1548,Armand Joulin
1547,1549,Piotr Bojanowski
1547,1550,Tomas Mikolov
1547,1551,Hervé Jégou
1547,1552,Edouard Grave
1553,388,Junyang Lin
1553,95,Xu SUN
1553,92,Xuancheng Ren
1553,1554,Muyu Li
1553,1555,Qi Su
1556,1557,Nikolay Bogoychev
1556,1539,Kenneth Heafield
1556,1558,Alham Fikri Aji
1556,1559,Marcin Junczys-Dowmunt
1560,1561,Longyue Wang
1560,1501,Zhaopeng Tu
1560,1116,Andy Way
1560,1562,Qun Liu
1563,1564,Eva Vanmassenhove
1563,1278,Christian Hardmeier
1563,1116,Andy Way
1565,1566,Parnia Bahar
1565,1567,Christopher Brix
1565,509,Hermann Ney
1568,1569,Jindřich Libovický
1568,1570,Jindřich Helcl
1571,1572,Ashkan Alinejad
1571,1573,Maryam Siahbani
1571,213,Anoop Sarkar
1574,1575,Ankur Bapna
1574,1576,Mia Chen
1574,1577,Orhan Firat
1574,1578,Yuan Cao
1574,1579,Yonghui Wu
1580,1581,Rebecca Knowles
1580,1582,Philipp Koehn
1583,1584,Qian Cao
1583,1585,Deyi Xiong
1586,1587,Thuy-Trang Vu
1586,1588,Gholamreza Haffari
1589,1590,Yilin Yang
1589,706,Liang Huang
1589,1591,Mingbo Ma
1592,1593,Yadollah Yaghoobzadeh
1592,1594,Hinrich Schütze
1595,1596,Adithya Pratapa
1595,1597,Monojit Choudhury
1595,1598,Sunayana Sitaram
1599,1600,Xiaodong Yu
1599,1601,Stephen Mayhew
1599,1602,Mark Sammons
1599,81,Dan Roth
1603,1604,Saurabh Garg
1603,1605,Tanmay Parekh
1603,1606,Preethi Jyothi
1607,1608,Kelsey Ball
1607,1609,Dan Garrette
1614,1615,Congying Xia
1614,1616,Chenwei Zhang
1614,1617,Xiaohui Yan
1614,1618,Yi Chang
1614,1619,Philip Yu
1620,1621,Di Jin
1620,1622,Peter Szolovits
1623,1624,Min Yang
1623,1625,Wei Zhao
1623,1626,Jianbo Ye
1623,1627,Zeyang Lei
1623,1628,Zhou Zhao
1623,1629,Soufei Zhang
1630,1631,Jichuan Zeng
1630,1293,Jing Li
1630,1292,Yan Song
1630,1632,Cuiyun Gao
1630,1503,Michael R. Lyu
1630,1633,Irwin King
1634,1635,Anthony Rios
1634,1636,Ramakanth Kavuluru
1638,1639,Xiaoyuan Yi
1638,193,Maosong Sun
1638,1640,Ruoyu Li
1638,1641,Wenhao Li
1642,359,Jiachen Du
1642,1643,Wenjie Li
1642,1644,Yulan He
1642,361,Ruifeng Xu
1642,360,Lidong Bing
1642,1645,Xuan Wang
1646,1647,Sanqiang Zhao
1646,1648,Rui Meng
1646,1649,Daqing He
1646,1650,Andi Saptono
1646,1651,Bambang Parmanto
1652,621,Sam Wiseman
1652,1653,Stuart Shieber
1652,433,Alexander Rush
1654,1655,Renjie Zheng
1654,1591,Mingbo Ma
1654,706,Liang Huang
1657,1658,Zhao Zhang
1657,1659,Fuzhen Zhuang
1657,1660,Meng Qu
1657,1661,Fen Lin
1657,1662,Qing He
1663,1664,Pouya Pezeshkpour
1663,1665,Liyan Chen
1663,1069,Sameer Singh
1666,1667,Yi Luan
1666,1668,Luheng He
1666,1669,Mari Ostendorf
1666,289,Hannaneh Hajishirzi
1670,1671,Huang Hu
1670,1672,Xianchao Wu
1670,1673,Bingfeng Luo
1670,1674,Chongyang Tao
1670,1675,Can Xu
1670,1676,wei wu
1670,1677,Zhan Chen
1678,1679,Xi Victoria Lin
1678,973,Richard Socher
1678,972,Caiming Xiong
1681,1682,Katharina Kann
1681,1594,Hinrich Schütze
1683,1684,Giorgio Magri
1685,1686,Fréderic Godin
1685,1687,Kris Demuynck
1685,1688,Joni Dambre
1685,1689,Wesley De Neve
1685,1462,Thomas Demeester
1690,1691,Aditi Chaudhary
1690,1692,Chunting Zhou
1690,906,Lori Levin
1690,199,Graham Neubig
1690,1693,David R. Mortensen
1690,201,Jaime Carbonell
1694,1695,Christo Kirov
1694,239,Ryan Cotterell
1697,1698,Enrica Troiano
1697,1699,Carlo Strapparava
1697,1700,Gözde Özbal
1697,1701,Serra Sinem Tekiroglu
1702,1703,Zeyu Dai
1702,1704,Ruihong Huang
1705,1706,Yeon Seonwoo
1705,558,Alice Oh
1705,1707,Sungjoon Park
1708,1709,Anne Lauscher
1708,158,Goran Glavaš
1708,1710,Simone Paolo Ponzetto
1708,1711,Kai Eckert
1712,1713,Yuchen Zhang
1712,1714,Nianwen Xue
1715,1716,Youngseo Son
1715,1717,Nipun Bayas
1715,686,H. Andrew Schwartz
1718,1719,Cheng Wang
1718,1720,Mathias Niepert
1718,1721,Hui Li
1722,1723,Michal Lukasik
1722,1724,Richard Zens
1725,1726,Suraj Maharjan
1725,1727,Manuel Montes
1725,1728,Fabio A. González
1725,1729,Thamar Solorio
1730,1731,Hou Pong Chan
1730,1633,Irwin King
1732,1733,Navonil Majumder
1732,1326,Soujanya Poria
1732,1734,Alexander Gelbukh
1732,1735,Md Shad Akhtar
1732,1328,Erik Cambria
1732,1736,Asif Ekbal
1737,1738,Zhe Zhang
1737,1739,Munindar Singh
1740,1741,Yang Yang
1740,1742,Deyu ZHOU
1740,1644,Yulan He
1743,1744,Feifan Fan
1743,547,Yansong Feng
1743,1745,Dongyan Zhao
1746,853,Yi Tay
1746,854,Anh Tuan Luu
1746,855,Siu Cheung Hui
1746,1747,Jian Su
1748,1749,Deepanway Ghosal
1748,1735,Md Shad Akhtar
1748,1750,Dushyant Chauhan
1748,1326,Soujanya Poria
1748,1736,Asif Ekbal
1748,1751,Pushpak Bhattacharyya
1752,1753,Ruidan He
1752,1754,Wee Sun Lee
1752,1399,Hwee Tou Ng
1752,1755,Daniel Dahlmeier
1756,1757,Zhiyi Luo
1756,1758,Shanshan Huang
1756,1759,Frank F. Xu
1756,1036,Bill Yuchen Lin
1756,1760,Hanyuan Shi
1756,1104,Kenny Zhu
1761,1762,Weiming Wen
1761,1763,Songwen Su
1761,1764,Zhou Yu
1765,1766,Samuel Carton
1765,1767,Qiaozhu Mei
1765,1768,Paul Resnick
1769,1770,Logan Lebanoff
1769,1475,Fei Liu
1771,1772,Vivek Kulkarni
1771,1773,Junting Ye
1771,1774,Steve Skiena
1771,221,William Yang Wang
1775,1776,Ramy Baly
1775,1777,Georgi Karadzhov
1775,1778,Dimitar Alexandrov
1775,1779,James Glass
1775,627,Preslav Nakov
1780,1781,Haoxi Zhong
1780,1782,Guo Zhipeng
1780,1783,Cunchao Tu
1780,1784,Chaojun Xiao
1780,136,Zhiyuan Liu
1780,193,Maosong Sun
1785,1786,Jing Qian
1785,1787,Mai ElSherief
1785,1788,Elizabeth Belding
1785,221,William Yang Wang
1789,1790,Mohammadzaman Zamani
1789,686,H. Andrew Schwartz
1789,1791,Veronica Lynn
1789,694,Salvatore Giorgi
1789,1792,Niranjan Balasubramanian
1793,1794,Anjalie Field
1793,1795,Doron Kliger
1793,1796,Shuly Wintner
1793,1797,Jennifer Pan
1793,72,Dan Jurafsky
1793,1798,Yulia Tsvetkov
1799,1800,Bennett Kleinberg
1799,1801,Maximilian Mozes
1799,1802,Isabelle van der Vegt
1803,1804,Gili Goldin
1803,1805,Ella Rabinovich
1803,1796,Shuly Wintner
1806,1807,Yamen Ajjour
1806,1808,Henning Wachsmuth
1806,1809,Dora Kiesel
1806,1810,Patrick Riehmann
1806,1811,Fan Fan
1806,1812,Giuliano Castiglia
1806,1813,Rosemary Adejoh
1806,1814,Bernd Fröhlich
1806,1815,Benno Stein
1816,1817,Gregor Wiedemann
1816,1818,Seid Muhie Yimam
1816,1819,Chris Biemann
1820,1821,Raghuram Vadapalli
1820,1822,Bakhtiyar Syed
1820,1823,Nishant Prabhu
1820,1824,Balaji Vasan Srinivasan
1820,1825,Vasudeva Varma
1828,1829,Lijun Wu
1828,1830,Xu Tan
1828,1831,Di He
1828,1832,Fei Tian
1828,1833,Tao QIN
1828,1834,Jianhuang Lai
1828,1835,Tie-Yan Liu
1836,1829,Lijun Wu
1836,1832,Fei Tian
1836,1837,Tao Qin
1836,1834,Jianhuang Lai
1836,1835,Tie-Yan Liu
1838,1839,Jiatao Gu
1838,1840,Yong Wang
1838,203,Yun Chen
1838,1841,Victor O. K. Li
1838,145,Kyunghyun Cho
1842,1843,Mikel Artetxe
1842,1844,Gorka Labaka
1842,1845,Eneko Agirre
1846,1847,Mingyang Zhou
1846,1848,Runxiang Cheng
1846,1849,Yong Jae Lee
1846,1764,Zhou Yu
1851,1852,Chenlin Shen
1851,1853,Changlong Sun
1851,1854,Jingjing Wang
1851,1855,Yangyang Kang
1851,348,Shoushan Li
1851,961,Xiaozhong Liu
1851,1239,Luo Si
1851,269,Min Zhang
1851,415,Guodong Zhou
1856,1857,Christian Stab
1856,1858,Tristan Miller
1856,1859,Benjamin Schiller
1856,1860,Pranav Rai
1856,799,Iryna Gurevych
1861,1862,Stefanos Angelidis
1861,453,Mirella Lapata
1863,1864,Elvis Saravia
1863,1865,Hsien-Chi Toby Liu
1863,1866,Yen-Hao Huang
1863,1867,Junlin Wu
1863,1868,Yi-Shin Chen
1869,150,Xilun Chen
1869,1870,Yu Sun
1869,1871,Ben Athiwaratkun
1869,151,Claire Cardie
1869,1872,Kilian Weinberger
1874,1875,Zhuang Ma
1874,1876,Michael Collins
1877,908,Semih Yavuz
1877,1878,Chung-Cheng Chiu
1877,1879,Patrick Nguyen
1877,1579,Yonghui Wu
1880,181,Shi Feng
1880,1881,Eric Wallace
1880,1882,Alvin Grissom II
1880,1098,Mohit Iyyer
1880,1883,Pedro Rodriguez
1880,639,Jordan Boyd-Graber
1884,1885,Wei Wu
1884,94,Houfeng WANG
1884,791,Tianyu Liu
1884,1886,Shuming Ma
1887,475,Yue Dong
1887,1888,Yikang Shen
1887,1889,Eric Crawford
1887,1890,Herke van Hoof
1887,476,Jackie Chi Kit Cheung
1892,1893,Mounica Maddela
1892,1894,Wei Xu
1895,1896,Guanghui Qin
1895,1897,Jin-Ge Yao
1895,1898,Xuening Wang
1895,1899,Jinpeng Wang
1895,1900,Chin-Yew Lin
1901,1902,Swabha Swayamdipta
1901,712,Sam Thomson
1901,1903,Kenton Lee
1901,283,Luke Zettlemoyer
1901,1904,Chris Dyer
1901,200,Noah A. Smith
1905,1906,Noah Weber
1905,1907,Leena Shekhar
1905,1792,Niranjan Balasubramanian
1905,1908,Nate Chambers
1909,1910,Zi Lin
1909,1911,Yuguang Duan
1909,1912,Yuanyuan Zhao
1909,1913,Weiwei Sun
1909,1914,Xiaojun Wan
1916,1917,Weikang Wang
1916,85,Jiajun Zhang
1916,1918,Han Zhang
1916,1919,Mei-Yuh Hwang
1916,86,Chengqing Zong
1916,1920,Zhifei Li
1921,1922,Shang-Yu Su
1921,1190,Xiujun Li
1921,1191,Jianfeng Gao
1921,1923,Jingjing Liu
1921,154,Yun-Nung Chen
1924,1925,Changliang Li
1924,1926,Liang Li
1924,1927,Ji Qi
1928,1929,Janarthanan Rajendran
1928,1930,Jatin Ganhotra
1928,1931,Satinder Singh
1928,1932,Lazaros Polymenakos
1933,1934,Wei Wei
1933,1009,Quoc Le
1933,1935,Andrew Dai
1933,1936,Jia Li
1937,1938,Niu
1937,1939,Tong 
1937,1940,Bansal
1937,1941,Mohit
1942,1943,Yi Liao
1942,360,Lidong Bing
1942,1944,Piji Li
1942,1420,Shuming Shi
1942,1945,Wai Lam
1942,1504,Tong Zhang
1946,1947,Zichao Li
1946,1948,Xin Jiang
1946,1949,Lifeng Shang
1946,1950,Hang Li
1951,1952,Feng Nie
1951,1899,Jinpeng Wang
1951,1897,Jin-Ge Yao
1951,1953,Rong Pan
1951,1900,Chin-Yew Lin
1954,1955,Juntao Li
1954,1292,Yan Song
1954,1295,Haisong Zhang
1954,1956,Dongmin Chen
1954,1420,Shuming Shi
1954,1745,Dongyan Zhao
1954,459,Rui Yan
1957,1958,Yao Zhao
1957,1959,Xiaochuan Ni
1957,1960,Yuanyuan Ding
1957,1961,Qifa Ke
1962,892,Tao Yu
1962,592,Rui Zhang
1962,894,Kai Yang
1962,893,Michihiro Yasunaga
1962,895,Dongxu Wang
1962,896,Zifan Li
1962,1963,James Ma
1962,1964,Irene Li
1962,1965,Qingning Yao
1962,1966,Shanelle Roman
1962,1967,Zilin Zhang
1962,897,Dragomir Radev
1968,1969,Markus Freitag
1968,1970,Scott Roy
1971,1972,Xingwu Sun
1971,1973,Jing Liu
1971,966,Yajuan Lyu
1971,1974,Wei He
1971,1975,Yanjun Ma
1971,1976,Shi Wang
1977,387,Jingjing Xu
1977,92,Xuancheng Ren
1977,388,Junyang Lin
1977,95,Xu SUN
1978,1979,Preksha Nema
1978,1203,Mitesh M. Khapra
1980,1981,Cheng Yang
1980,193,Maosong Sun
1980,1639,Xiaoyuan Yi
1980,1641,Wenhao Li
1982,1983,Ashutosh Baheti
1982,1984,Alan Ritter
1982,1985,Jiwei Li
1982,1986,Bill Dolan
1987,1988,Xinnuo Xu
1987,1989,Ondřej Dušek
1987,889,Ioannis Konstas
1987,1990,Verena Rieser
1991,1992,Spencer Whitehead
1991,147,Heng Ji
1991,89,Mohit Bansal
1991,1993,Shih-Fu Chang
1991,1994,Clare Voss
1995,1996,Badri Narayana Patro
1995,1997,Sandeep Kumar
1995,1998,Vinod Kumar Kurmi
1995,1999,Vinay Namboodiri
2000,2001,Di Lu
2000,1992,Spencer Whitehead
2000,144,Lifu Huang
2000,147,Heng Ji
2000,1993,Shih-Fu Chang
2002,2003,Harsh Jhamtani
2002,747,Taylor Berg-Kirkpatrick
2004,2005,Anna Rohrbach
2004,777,Lisa Anne Hendricks
2004,1226,Kaylee Burns
2004,781,Trevor Darrell
2004,2006,Kate Saenko
2007,2008,Jingqiang Chen
2007,2009,Hai Zhuge
2010,2011,Jun Chen
2010,2012,Xiaoming Zhang
2010,2013,Yu Wu
2010,2014,Zhao Yan
2010,2015,Zhoujun Li
2016,2017,Yichen Jiang
2016,89,Mohit Bansal
2018,964,Wei Li
2018,965,Xinyan Xiao
2018,966,Yajuan Lyu
2018,967,Yuanzhuo Wang
2019,2020,Xiuying Chen
2019,2021,Shen Gao
2019,1674,Chongyang Tao
2019,1292,Yan Song
2019,1745,Dongyan Zhao
2019,459,Rui Yan
2022,2023,Sebastian Gehrmann
2022,2024,Yuntian Deng
2022,433,Alexander Rush
2025,2026,Yizhu Liu
2025,1757,Zhiyi Luo
2025,1104,Kenny Zhu
2027,2028,Yang Gao
2027,2029,Christian M. Meyer
2027,799,Iryna Gurevych
2030,1770,Logan Lebanoff
2030,2031,Kaiqiang Song
2030,1475,Fei Liu
2032,2033,Hai Ye
2032,2034,Lu Wang
2035,2036,Junnan Zhu
2035,2037,Haoran Li
2035,2038,Tianshang Liu
2035,2039,Yu Zhou
2035,85,Jiajun Zhang
2035,86,Chengqing Zong
2040,2041,Hayato Kobayashi
2042,2043,Tsutomu Hirao
2042,2044,Hidetaka Kamigaito
2042,2045,Masaaki Nagata
2046,2047,Yaushian Wang
2046,2048,Hung-yi Lee
2049,2050,Ni Zhang
2049,2051,Tongtao Zhang
2049,2052,Indrani Bhattacharya
2049,147,Heng Ji
2049,2053,Rich Radke
2054,2055,Antoine Raux
2054,2056,Yi Ma
2054,2057,Paul Yang
2054,2058,Felicia Wong
2059,2060,Arushi Raghuvanshi
2059,2061,Lucien Carroll
2059,2062,Karthik Raghunathan
2063,2064,Md Iftekhar Tanveer
2063,2065,Ferhan Ture
2066,902,Igor Labutov
2066,2067,Shashank Srivastava
2066,225,Tom Mitchell
2068,2069,Longxu Dou
2068,1896,Guanghui Qin
2068,1899,Jinpeng Wang
2068,1897,Jin-Ge Yao
2068,1900,Chin-Yew Lin
2070,1818,Seid Muhie Yimam
2070,1819,Chris Biemann
2073,2074,Shafiq Joty
2073,2075,Lluís Màrquez
2073,627,Preslav Nakov
2076,2077,Saku Sugawara
2076,957,Kentaro Inui
2076,2078,Satoshi Sekine
2076,2079,Akiko Aizawa
2080,2081,Lisa Bauer
2080,2082,Yicheng Wang
2080,89,Mohit Bansal
2083,2084,Haitian Sun
2083,2085,Bhuwan Dhingra
2083,2086,Manzil Zaheer
2083,2087,Kathryn Mazaitis
2083,1219,Ruslan Salakhutdinov
2083,1218,William Cohen
2088,2089,Souvik Kundu
2088,1399,Hwee Tou Ng
2091,327,Zi-Yi Dou
2091,1501,Zhaopeng Tu
2091,2092,Xing Wang
2091,1420,Shuming Shi
2091,1504,Tong Zhang
2093,2094,Gongbo Tang
2093,2095,Mathias Müller
2093,2096,Annette Rios
2093,1254,Rico Sennrich
2097,2098,Biao Zhang
2097,1585,Deyi Xiong
2097,2099,jinsong su
2097,2100,Qian Lin
2097,2101,Huiji Zhang
2102,1127,Wen Zhang
2102,706,Liang Huang
2102,2103,Yang Feng
2102,2104,Lei Shen
2102,1562,Qun Liu
2105,2106,Colin Cherry
2105,2107,George Foster
2105,1575,Ankur Bapna
2105,1577,Orhan Firat
2105,2108,Wolfgang Macherey
2110,387,Jingjing Xu
2110,92,Xuancheng Ren
2110,653,Yi Zhang
2110,389,Qi Zeng
2110,2111,Xiaoyan Cai
2110,95,Xu SUN
2112,2113,Xiaoyu Shen
2112,2114,Hui Su
2112,1643,Wenjie Li
2112,2115,Dietrich Klakow
2116,2117,Mohsen Mesgar
2116,122,Michael Strube
2118,2119,Baiyun Cui
2118,2120,Yingming Li
2118,2121,Ming Chen
2118,2122,Zhongfei Zhang
2123,2124,Ieva Staliūnaitė
2123,2125,Hannah Rohde
2123,2126,Bonnie Webber
2123,2127,Annie Louis
2129,2130,Ian Stewart
2129,948,Jacob Eisenstein
2131,2132,Yugo Murawaki
2133,356,Dirk Hovy
2133,2134,Christoph Purschke
2135,2136,Farzana Rashid
2135,1146,Eduardo Blanco
2137,810,Eric Holgate
2137,2138,Isabel Cachola
2137,695,Daniel Preoţiuc-Pietro
2137,2139,Junyi Jessy Li
2141,1011,Silviu Paun
2141,1013,Jon Chamberlain
2141,1014,Udo Kruschwitz
2141,2142,Juntao Yu
2141,1015,Massimo Poesio
2143,2144,Steffen Eger
2143,2145,Paul Youssef
2143,799,Iryna Gurevych
2146,2147,Shijie Wu
2146,2148,Pamela Shapiro
2146,239,Ryan Cotterell
2149,2150,Tsu-Jui Fu
2149,2151,Wei-Yun Ma
2152,1502,Baosong Yang
2152,1501,Zhaopeng Tu
2152,2153,Derek F. Wong
2152,2154,Fandong Meng
2152,2155,Lidia S. Chao
2152,1504,Tong Zhang
2156,2157,Anoop R Katti
2156,2158,Christian Reisswig
2156,2159,Cordula Guder
2156,2160,Sebastian Brarda
2156,2161,Steffen Bickel
2156,2162,Johannes Höhne
2156,2163,Jean Baptiste Faddoul
2164,624,Tao Lei
2164,189,Yu Zhang
2164,2165,Sida I. Wang
2164,2166,Hui Dai
2164,1364,Yoav Artzi
2167,2168,Canjia Li
2167,2169,Yingfei Sun
2167,2170,Ben He
2167,2171,Le Wang
2167,2172,Kai Hui
2167,37,Andrew Yates
2167,2173,Le Sun
2167,2174,Jungang Xu
2175,853,Yi Tay
2175,854,Anh Tuan Luu
2175,855,Siu Cheung Hui
2176,2177,Jiacheng Xu
2176,604,Greg Durrett
2178,2179,Minghua Zhang
2178,2180,Yunfang Wu
2178,2181,Weikang Li
2178,964,Wei Li
2182,536,Lingfei Wu
2182,2183,Ian En-Hsu Yen
2182,535,Kun Xu
2182,2184,Fangli Xu
2182,2185,Avinash Balakrishnan
2182,2186,Pin-Yu Chen
2182,2187,Pradeep Ravikumar
2182,2188,Michael J. Witbrock
2189,2190,Sarthak Jain
2189,2191,Edward Banner
2189,2192,Jan-Willem van de Meent
2189,2193,Iain J Marshall
2189,1469,Byron C. Wallace
2194,2195,Jiang Guo
2194,623,Darsh Shah
2194,1005,Regina Barzilay
2196,995,Shib Sankar Dasgupta
2196,994,Swayambhu Nath Ray
2196,737,Partha Talukdar
2197,2198,Sebastião Miranda
2197,2199,Arturs Znotins
2197,30,Shay B. Cohen
2197,2200,Guntis Barzdins
2201,2202,Honglun Zhang
2201,2203,Liqiang Xiao
2201,2204,Wenqing Chen
2201,2205,Yongkun Wang
2201,2206,Yaohui Jin
2207,388,Junyang Lin
2207,1555,Qi Su
2207,654,Pengcheng Yang
2207,1886,Shuming Ma
2207,95,Xu SUN
2208,2203,Liqiang Xiao
2208,2202,Honglun Zhang
2208,2204,Wenqing Chen
2208,2205,Yongkun Wang
2208,2206,Yaohui Jin
2209,2210,Katherine Keith
2209,2211,Brendan O'Connor
2212,2213,Zach Wood-Doughty
2212,2214,Ilya Shpitser
2212,2215,Mark Dredze
2216,2217,Minghui Huang
2216,2218,Yanghui Rao
2216,2219,Yuwei Liu
2216,2220,Haoran Xie
2216,2221,Fu Lee Wang
2222,2223,Qile Zhu
2222,2224,Zheng Feng
2222,2225,Xiaolin Li
2226,2227,Akshay Srivatsan
2226,2228,Zachary Wojtowicz
2226,747,Taylor Berg-Kirkpatrick
2229,2230,Sho Takase
2229,956,Jun Suzuki
2229,2045,Masaaki Nagata
2231,2232,Paria Jamshid Lou
2231,2233,Peter Anderson
2231,2234,Mark Johnson
2235,2236,Sachin Mehta
2235,2237,Rik Koncel-Kedziorski
2235,2238,Mohammad Rastegari
2235,289,Hannaneh Hajishirzi
2239,2240,Haoyue Shi
2239,2241,Hao Zhou
2239,2242,Jiaze Chen
2239,2243,Lei Li
2244,2245,Yihong Gu
2244,2246,Jun Yan
2244,194,Hao Zhu
2244,136,Zhiyuan Liu
2244,195,Ruobing Xie
2244,193,Maosong Sun
2244,1661,Fen Lin
2244,2247,Leyu Lin
2248,171,Daniela Gerz
2248,157,Ivan Vulić
2248,156,Edoardo Maria Ponti
2248,2249,Jason Naradowsky
2248,142,Roi Reichart
2248,160,Anna Korhonen
2250,2251,Aaron Jaech
2250,1669,Mari Ostendorf
2252,2253,Jan-Thorsten Peter
2252,2254,Eugen Beck
2252,509,Hermann Ney
2255,2256,Minh-Quoc Nghiem
2255,2257,Sophia Ananiadou
2258,2259,Egor Lakomkin
2258,2260,Sven Magg
2258,2261,Cornelius Weber
2258,2262,Stefan Wermter
2263,2264,Jonathan Mamou
2263,2265,Oren Pereg
2263,2266,Moshe Wasserblat
2263,2267,Alon Eirew
2263,2268,Yael Green
2263,2269,Shira Guskin
2263,2270,Peter Izsak
2263,2271,Daniel Korat
2275,2276,Marten van Schijndel
2275,709,Tal Linzen
2277,2278,John Lalor
2277,2279,Hao Wu
2277,2280,Tsendsuren Munkhdalai
2277,2281,Hong Yu
2282,66,Aaron Steven White
2282,63,Rachel Rudinger
2282,2283,Kyle Rawlins
2282,67,Benjamin Van Durme
2284,2285,Sedtawut Watcharawittayakul
2284,2286,Mingbin Xu
2284,2287,Hui Jiang
2288,2289,Ke Tran
2288,1484,Arianna Bisazza
2288,228,Christof Monz
2291,2292,Dehong Ma
2291,372,Sujian Li
2291,94,Houfeng WANG
2293,2294,Kalpesh Krishna
2293,1606,Preethi Jyothi
2293,1098,Mohit Iyyer
2295,2296,Xiangju Li
2295,2297,Kaisong Song
2295,181,Shi Feng
2295,183,Daling Wang
2295,184,Yifei Zhang
2298,2299,Sven Buechel
2298,687,Anneke Buffone
2298,2300,Barry Slaff
2298,688,Lyle Ungar
2298,2301,Joao Sedoc
2302,2303,Francesco Barbieri
2302,164,Luis Espinosa Anke
2302,163,Jose Camacho-Collados
2302,165,Steven Schockaert
2302,2304,Horacio Saggion
2306,503,Xinyi Wang
2306,504,Hieu Pham
2306,544,Pengcheng Yin
2306,199,Graham Neubig
2307,2308,Chenze Shao
2307,2309,Xilin Chen
2307,2103,Yang Feng
2310,2311,Zhisong Zhang
2310,2312,Rui Wang
2310,274,Masao Utiyama
2310,275,Eiichiro Sumita
2310,1236,Hai Zhao
2313,2314,Samuel Läubli
2313,1254,Rico Sennrich
2313,2315,Martin Volk
2316,2317,Liane Guillou
2316,1278,Christian Hardmeier
2319,584,Xu Han
2319,194,Hao Zhu
2319,1123,Pengfei Yu
2319,2320,Ziyun Wang
2319,2321,Yuan Yao
2319,136,Zhiyuan Liu
2319,193,Maosong Sun
2322,2323,Ana Gonzalez
2322,2324,Isabelle Augenstein
2322,241,Anders Søgaard
2325,2326,Alberto Garcia-Duran
2325,2327,Sebastijan Dumančić
2325,1720,Mathias Niepert
2328,2329,Weiyi Lu
2328,2330,Thien Huu Nguyen
2331,2332,Hongyin Luo
2331,2333,Jim Glass
2335,2336,Ji Ma
2335,2337,Kuzman Ganchev
2335,178,David Weiss
2338,2339,Rahul Aralikatte
2338,2340,Neelamadhav Gantayat
2338,2341,Naveen Panwar
2338,2342,Anush Sankaran
2338,2343,Senthil Mani
2344,2345,Zhiqing Sun
2344,2346,Zhi-Hong Deng
2347,2348,Daniel Kondratyuk
2347,2349,Tomáš Gavenčiak
2347,2350,Milan Straka
2347,2351,Jan Hajič
2352,2353,Brendan Shillingford
2352,2354,Oiwi Parker Jones
2355,2356,Sudhanshu Kasewa
2355,2357,Pontus Stenetorp
2355,1073,Sebastian Riedel
2358,2359,Rob van der Goot
2358,2360,Gertjan van Noord
2361,1378,Miryam de Lhoneux
2361,2362,Johannes Bjerva
2361,2324,Isabelle Augenstein
2361,241,Anders Søgaard
2363,2364,Phu Mon Htut
2363,145,Kyunghyun Cho
2363,205,Samuel Bowman
2365,2366,Gozde Gul Sahin
2365,2367,Mark Steedman
2368,2369,Hong-You Chen
2368,2370,Cheng-Syuan Lee
2368,2371,Keng-Te Liao
2368,2372,Shou-de Lin
2373,2374,Akira Utsumi
2375,2376,Jieyu Zhao
2375,2377,Yichao Zhou
2375,2378,Zeyu Li
2375,2379,Wei Wang
2375,1498,Kai-Wei Chang
2380,1805,Ella Rabinovich
2380,2381,Benjamin Sznajder
2380,2382,Artem Spector
2380,2383,Ilya Shnayderman
2380,408,Ranit Aharonov
2380,2384,David Konopnicki
2380,409,Noam Slonim
2385,2386,Asaf Amrami
2385,33,Yoav Goldberg
2387,2388,Jamie Kiros
2387,2389,William Chan
2390,2391,Olga Kovaleva
2390,2392,Anna Rumshisky
2390,862,Alexey Romanov
2393,2394,Mostafa Abdou
2393,2395,Artur Kulmizev
2393,2396,Vinit Ravishankar
2393,2397,Lasha Abzianidze
2393,2398,Johan Bos
2399,2400,Rujun Han
2399,2401,Michael Gill
2399,2402,Arthur Spirling
2399,145,Kyunghyun Cho
2403,2404,Victoria Yaneva
2403,2405,Le An Ha
2403,2406,Richard Evans
2403,2407,Ruslan Mitkov
2408,1438,Natalie Schluter
2408,2409,Daniel Varab
2410,2411,Dongyeop Kang
2410,1222,Tushar Khot
2410,1223,Ashish Sabharwal
2410,59,Peter Clark
2412,2413,Jing Chen
2412,2414,Qingcai Chen
2412,2415,Xin Liu
2412,2416,Haijun Yang
2412,2417,Daohe Lu
2412,2418,Buzhou Tang
2419,2420,Reza Ghaeini
2419,588,Xiaoli Fern
2419,587,Prasad Tadepalli
2421,2422,Sanket Vaibhav Mehta
2421,2423,Jay Yoon Lee
2421,201,Jaime Carbonell
2424,2425,James Ferguson
2424,2426,Janara Christensen
2424,2427,Edward Li
2424,2428,Edgar Gonzàlez
2429,2430,Panupong Pasupat
2429,2431,Tian-Shun Jiang
2429,2432,Evan Liu
2429,2433,Kelvin Guu
2429,73,Percy Liang
2438,2439,Divyansh Kaushik
2438,1507,Zachary C. Lipton
2440,2441,Paweł Budzianowski
2440,2442,Tsung-Hsien Wen
2440,2443,Bo-Hsiang Tseng
2440,2444,Iñigo Casanueva
2440,2445,Stefan Ultes
2440,2446,Osman Ramadan
2440,2447,Milica Gasic
2448,2449,Emma Strubell
2448,1458,Patrick Verga
2448,1313,Daniel Andor
2448,178,David Weiss
2448,1173,Andrew McCallum
2450,1263,Guillaume Lample
2450,251,Myle Ott
2450,1261,Alexis Conneau
2450,2451,Ludovic Denoyer
2450,2452,Marc'Aurelio Ranzato
